,_id,brandCode,topBrand,name
0,601ac115be37ce2ead437551,TEST BRAND @1612366101024,0.0,test brand @1612366101024
1,601c5460be37ce2ead43755f,STARBUCKS,0.0,Starbucks
2,601ac142be37ce2ead43755d,TEST BRANDCODE @1612366146176,0.0,test brand @1612366146176
3,601ac142be37ce2ead43755a,TEST BRANDCODE @1612366146051,0.0,test brand @1612366146051
4,601ac142be37ce2ead43755e,TEST BRANDCODE @1612366146827,0.0,test brand @1612366146827
5,601ac142be37ce2ead43755b,TEST BRANDCODE @1612366146091,0.0,test brand @1612366146091
6,601ac142be37ce2ead43755c,TEST BRANDCODE @1612366146133,0.0,test brand @1612366146133
7,5cdad0f5166eb33eb7ce0faa,J.L. KRAFT,,J.L. Kraft
8,5ab15636e4b0be0a89bb0b07,CAMPBELLS HOME STYLE,0.0,Campbell's Home Style
9,5c408e8bcd244a1fdb47aee7,TEST,,test
10,5f4bf556be37ce0b4491554d,TEST BRANDCODE @1598813526777,,test brand @1598813526777
11,57c08106e4b0718ff5fcb02c,MORNINGSTAR,,MorningStar
12,588ba07be4b02187f85cdadd,CALUMET,0.0,Calumet
13,5d6413156d5f3b23d1bc790a,511111205012,,Entertainment Weekly
14,585a9611e4b03e62d1ce0e74,AUNT JEMIMA SYRUP,0.0,AUNT JEMIMA Syrup
15,57e5820ce4b0ac389136a311,MOLSON,0.0,Molson Canadian
16,5fb6adb8be37ce522e165cb8,LOTRIMIN,0.0,Lotrimin®
17,5f358338be37ce443bf9d55a,TEST BRANDCODE @1597342520277,,test brand @1597342520277
18,5fb28549be37ce522e165cb5,TEST BRAND @1605535049181,0.0,test brand @1605535049181
19,592486bfe410d61fcea3d139,ST IVES,0.0,ST. IVES
20,5c4699f387ff3577e203ea29,CHRISIMAGE,,Chris Image Test
21,5da6071ea60b87376833e34d,ALKA SELTZER,,Alka-Seltzer®
22,57ebc011e4b0ac389136a335,JACK DANIEL'S BARBECUE,0.0,Jack Daniel's
23,5332f5fee4b03c9a25efd0bd,BOTTLED STARBUCKS,,Bottled Starbucks
24,5332fa7ce4b03c9a25efd22e,FULL THROTTLE,,Full Throttle
25,5e9f18bfbe37ce3e45b6a77f,POPUP BRAND A,,PopUp Brand A
26,592486bee410d61fcea3d133,MAGNUM Ice Cream,0.0,MAGNUM Ice Cream
27,5d66d71fa3a018093ab34728,511111105329,,Elegant Homes Magazine
28,5f493e72be37ce64d0ae36c6,TEST BRANDCODE @1598635634882,,test brand @1598635634882
29,5f4936ddbe37ce52f8314fd9,TEST BRAND @1598633693011,,test brand @1598633693011
30,57ebc2e7e4b0ac389136a34b,TACO BELL,0.0,Taco Bell
31,5fd2a0aebe37ce49eb72c0ee,TEST BRAND @1607639214411,0.0,test brand @1607639214411
32,5dc03596a60b873d6b0666cd,FROSTED CHEERIOS,,Frosted Cheerios™
33,5f494c5f04db711dd8fe87e6,TEST BRANDCODE @1598639199674,,test brand @1598639199674
34,5332f772e4b03c9a25efd125,GOLD MEDAL,,Gold Medal
35,59dfaad1e4b0a56a2fa69abc,GODIVA DRY PACKAGED DESSERTS,0.0,GODIVA Instant Pudding Mix
36,5daf33e71dda2c3e1416ae93,LARABAR,,LÄRABAR™
37,5f35a0babe37ce6853cff1ff,TEST BRANDCODE @1597350074333,,test brand @1597350074333
38,5fd29590be37ce38bbbefb28,TEST BRANDCODE @1607636368717,0.0,test brand @1607636368717
39,5fd3acb6be37ce0d9386bb40,TEST BRANDCODE @1607707830095,0.0,test brand @1607707830095
40,5bd200a6965c7d66d92731ea,COTTONELLE,0.0,Cottonelle
41,585a9675e4b03e62d1ce0e7f,IZZE,0.0,Izze
42,5887a17ee4b02187f85cdad3,MIO,0.0,Mio
43,5332f765e4b03c9a25efd11f,GLACEAU VITAMINWATER,,Glaceau vitaminwater
44,5d66d94d6d5f3b6188d4f04b,511111505365,,Magnolia Journal Magazine
45,5d66d2fd6d5f3b6188d4f045,QUILTING SPECIAL EDITION,,American Patchwork & Quilting Magazine
46,5332f5f3e4b03c9a25efd0ad,GREE GIANT,,Gree Giant
47,5fa1c567be37ce402c4618f1,TEST BRANDCODE @1604437351617,0.0,test brand @1604437351617
48,5a5d1e76e4b0db471c2d0425,HERMAN,,Herman Joseph's
49,55b630d9e4b0d8e685c1421f,SUNDROP,,Sundrop
50,5d602d9d6d5f3b23d1bc7907,KEVITA,,Kevita Sparkling Drinks
51,57ebbf75e4b0ac389136a32f,DELIMEX,0.0,Delimex
52,5d2f68d96d5f3b107e208da4,THE RIGHT TO SHOWER,,THE RIGHT TO SHOWER
53,592486bde410d61fcea3d124,CARESS,0.0,CARESS
54,5f16f536be37ce2b30061e27,TEST BRANDCODE @1595340086044,,test brand @1595340086044
55,5332f6ede4b03c9a25efd0e5,BLUE BUNNY,,Blue Bunny
56,5332fa05e4b03c9a25efd1d6,KRAVE,,Krave
57,5f3d6f44be37ce4ddbb1bb3e,TEST BRANDCODE @1597861700968,,test brand @1597861700968
58,5c76d3cd95144c5375687b4f,TEST BRAND CODE,1.0,DASH-2249 Brand1
59,5f3ff223be37ce1c81aa1e11,TEST BRANDCODE @1598026275245,,test brand @1598026275245
60,5a8c36dbe4b0ccf165fac9e9,SWANSON,0.0,Swanson
61,55b630e1e4b0d8e685c14220,A&W ROOTBEER,,A&W Rootbeer
62,5f3ff222be37ce1c81aa1e0f,TEST BRANDCODE @1598026274668,,test brand @1598026274668
63,5c76db7295144c5375687b50,DASH-2249 1,0.0,DASH-2249 Brand2
64,5da609991dda2c3e1416ae90,511111805854,0.0,ONE A DAY® WOMENS
65,5afda575e4b0c11cfecd49f9,KETTLE BRAND,0.0,Kettle Brand
66,5ab154dde4b0915382df761f,CAMPBELLS SOUP AT HAND ,0.0,Campbell's Soup at Hand
67,5f3e9195be37ce5a0e01b960,TEST BRAND @1597936021514,,test brand @1597936021514
68,5fb82faebe37ce522e165ce9,RAINBO,0.0,Rainbo
69,57e58157e4b0ac389136a30a,CRISPIN,0.0,Crispin Cider Company
70,5fd3acb6be37ce0d9386bb41,TEST BRANDCODE @1607707830137,0.0,test brand @1607707830137
71,5e90a545ee7f2d70340f40d7,CLARITIN®,0.0,Claritin®
72,5daf5e94a60b87376833e362,COOKIE CRISP,,Cookie Crisp™
73,5fb2852cbe37ce522e165caf,TEST BRANDCODE @1605535020442,0.0,test brand @1605535020441
74,5332f743e4b03c9a25efd109,KEEBLER,,Keebler
75,5fa98944be37ce239d107100,TEST BRANDCODE @1604946244750,0.0,test brand @1604946244750
76,5afda65de4b0c11cfecd49fb,SNYDERS OF HANOVER,0.0,SNYDERS OF HANOVER
77,5332fa7ee4b03c9a25efd230,POWERADE,,Powerade
78,57ebbfafe4b0ac389136a332,GOOD SEASONS,0.0,Good Seasons
79,5f493682be37ce52f8314fce,TEST BRANDCODE @1598633602279,,test brand @1598633602279
80,57ace91ae4b057c992a316ac,PIZZA PIZZA PIZZA,,Pizza Pizza Pizza
81,5a5d2431e4b06ba572cf24a1,REVOLVER,,Revolver
82,57e5810ce4b0ac389136a307,KEYSTONE LIGHT,0.0,Keystone Light
83,5332f5f2e4b03c9a25efd0ab,OUR FAMILY,,Our Family
84,5db9f9cca60b87376833e36b,BETTY CROCKER FRUIT ROLL UPS,,Fruit Roll-Ups™
85,5fd2a0c0be37ce49eb72c0f4,TEST BRANDCODE @1607639232356,0.0,test brand @1607639232356
86,5aa1b41de4b086c8aad5e096,MOMOFUKU,0.0,MOMOFUKU Sauce
87,592486bee410d61fcea3d136,POPSICLE,0.0,POPSICLE
88,5332f603e4b03c9a25efd0be,MUG Root Beer,0.0,Mug Root Beer
89,5afda699e4b0c11cfecd49fd,TOMS,0.0,Tom's
90,5fc54c0bbe37ce1911dbb3b5,TEST BRANDCODE @1606765579244,0.0,test brand @1606765579244
91,5f358338be37ce443bf9d55b,TEST BRANDCODE @1597342520305,,test brand @1597342520305
92,592486bfe410d61fcea3d137,PROMISE,,PROMISE
93,5a4d2295e4b0d5c3fd86b679,OFF THE EATEN PATH,,OFF THE EATEN PATH
94,5f628216be37ce78e6e2efaf,TEST BRANDCODE @1600291350125,,test brand @1600291350125
95,5332f9fce4b03c9a25efd1cd,HONEY SMACKS,,Honey Smacks
96,5f9770bfbe37ce03d08a2d85,TEST BRANDCODE @1603760319758,,test brand @1603760319758
97,57ebc293e4b0ac389136a345,NANCY'S,0.0,Nancy's
98,5f513e9ebe37ce21f1287c00,TEST BRAND @1599159966676,,test brand @1599159966676
99,5332f7b8e4b03c9a25efd145,STELLA ARTOIS,,Stella Artois
100,5ab153fee4b0915382df761e,CAMPBELLS CHUNKY MAXX,0.0,Campbell's Chunky Maxx
101,5aa1b5b9e4b05a92fc9b1631,FOOD NETWORK KITCHEN INSPIRATIONS,0.0,FOOD NETWORK KITCHEN INSPIRATIONS
102,5f3e9172be37ce5a0e01b954,TEST BRANDCODE @1597935986390,,test brand @1597935986390
103,5f4936ddbe37ce52f8314fdc,TEST BRANDCODE @1598633693744,,test brand @1598633693744
104,57c0829ce4b0718ff5fcb03a,VICTORIA,,Victoria
105,5a4d244ae4b0bcb2c74ea77f,SABRITAS,,SABRITAS
106,57ebbfa1e4b0ac389136a330,GEVALIA KAFFE,0.0,Gevalia
107,5f43faabbe37ce3ef3fd3715,TEST BRANDCODE @1598290603501,,test brand @1598290603501
108,59d550f4e4b090070b009534,O THAT'S GOOD,0.0,"O, That's Good!"
109,585a9645e4b03e62d1ce0e79,CHESTER'S,1.0,Chester's
110,585a968ee4b03e62d1ce0e82,MISS VICKIE'S,,Miss Vickies
111,5d2f6b82a3a01810a2174aed,SIR KENSINGTON'S,,SIR KENSINGTON'S
112,5fa98944be37ce239d1070fe,TEST BRAND @1604946244133,0.0,test brand @1604946244133
113,5332f9f2e4b03c9a25efd1c8,CRISPIX,,Crispix
114,55a41b55e4b0d0a65b3692ef,NESSALLA,,NessAlla
115,5887a372e4b02187f85cdad9,DORITOS,1.0,Doritos
116,57ed0697e4b072ac2294b8f2,A.1.,1.0,A.1.
117,55b630c2e4b0d8e685c1421d,RC COLA,,RC Cola
118,5332f605e4b03c9a25efd0c0,AMP,,Amp
119,5f43faabbe37ce3ef3fd3716,TEST BRANDCODE @1598290603587,,test brand @1598290603587
120,5d66de49a3a018093ab3472a,LOOZA JUICES,,Looza Fruit Juices
121,5da605dc1dda2c3e1416ae83,ALEVE,,Aleve®
122,5e3876bfee7f2d697e835bd3,SOFT-SHEEN CARSON - HAIR COLOR,,Soft-Sheen Carson - Hair Color
123,5fa98945be37ce239d107104,TEST BRANDCODE @1604946245499,0.0,test brand @1604946245498
124,57ebc11fe4b0ac389136a33a,,0.0,Kraft Caramels
125,5f494c5f04db711dd8fe87e5,TEST BRANDCODE @1598639199117,,test brand @1598639199117
126,5bd201a990fa074576779a19,PULL UPS,0.0,Pull-Ups
127,5fb2852cbe37ce522e165cb1,TEST BRANDCODE @1605535020629,0.0,test brand @1605535020629
128,5332f60ce4b03c9a25efd0c3,BRISK,0.0,Brisk Iced Tea
129,5a7e0604e4b0aedb3b84afd3,CHRISXYZ,,Chris Brand XYZ
130,5332f9f2e4b03c9a25efd1c7,ALL-BRAN,,All-Bran
131,57ebbd44e4b0ac389136a32d,BULL'S-EYE,0.0,Bull's Eye
132,592486bee410d61fcea3d12f,KLONDIKE,0.0,KLONDIKE
133,592486bee410d61fcea3d12a,FRUTTARE,,FRUTTARE
134,5da60576a60b87376833e349,511111305569,,AFRIN® NO DRIP PUMP MISTS
135,5332f5f5e4b03c9a25efd0b0,BETTY CROCKER,,Betty Crocker
136,580dff9fe4b0f32b2de21382,KNOX,0.0,Knox Gelatin
137,5da608131dda2c3e1416ae8a,511111505716,,Claritin® ADULTS
138,588b9f8fe4b02187f85cdada,PLANTERS,0.0,Planters
139,592486bde410d61fcea3d127,DEGREE,0.0,DEGREE
140,5a4d23dae4b0bcb2c74ea77e,CALEB'S KOLA,0.0,Caleb's Kola
141,5d66dc946d5f3b6188d4f04e,LEMON LEMON,,Lemon Lemon Sparkling Drinks
142,592486bfe410d61fcea3d140,VASELINE,0.0,VASELINE
143,5d658ff3a3a018514994f432,511111005216,,Cooking Light Magazine
144,5fcda494be37ce688e08b0cc,TEST BRANDCODE @1607312532178,0.0,test brand @1607312532178
145,5ef4f667be37ce2efae842ea,PINESOL,,Pinesol
146,55b6308ee4b0d8e685c1421a,SNAPPLE,,Snapple
147,5332f760e4b03c9a25efd11b,HONEST ADE,,Honest Ade
148,5f16f536be37ce2b30061e29,TEST BRANDCODE @1595340086791,,test brand @1595340086791
149,5d642dbfa3a018514994f42e,511111005148,,Shape
150,5e3875d2ee7f2d697e835bce,ESSIE,,Essie
151,5332f9f3e4b03c9a25efd1c9,POP-TARTS,,Pop-tarts
152,5c45f91b87ff3552f950f027,0987654321,1.0,Brand1
153,58861c7d4e8d0d20bc42c4d6,,0.0,Jell-O Refrigerated Pudding & Gelatin
154,55b630fde4b0d8e685c14223,DIET DR. PEPPER,,Diet Dr. Pepper
155,5ab158e8e4b0915382df7622,CAMPBELLS WELL YES,0.0,Campbell's Well Yes!
156,5fcda494be37ce688e08b0cf,TEST BRANDCODE @1607312532304,0.0,test brand @1607312532304
157,5f3ff222be37ce1c81aa1e0e,TEST BRANDCODE @1598026274643,,test brand @1598026274643
158,5f772952be37ce6b592e90d2,TEST BRANDCODE @1601644881995,,test brand @1601644881995
159,5fa1c568be37ce402c4618f6,TEST BRAND @1604437352935,0.0,test brand @1604437352935
160,5fb82236be37ce522e165cdf,BEEF STEAK,0.0,Beef Steak
161,5a02188be4b00d6a5ccb394d,POND'S,0.0,POND'S
162,5e387617ee7f2d697e835bd0,L’OREAL PARIS - COSMETICS,,L’Oreal Paris - Cosmetics
163,57ebc2ace4b0ac389136a346,,0.0,P3
164,5da6094ca60b87376833e357,511111605829,,ONE A DAY® MENS
165,5f16f536be37ce2b30061e28,TEST BRANDCODE @1595340086078,,test brand @1595340086078
166,5f872b84be37ce66db5dd97a,TEST BRANDCODE @1602694020787,,test brand @1602694020787
167,585a9726e4b03e62d1ce0e95,TAZO,,Tazo
168,5f7ba645be37ce23081c528d,TEST BRANDCODE @1601939013649,,test brand @1601939013649
169,5332f7d3e4b03c9a25efd14e,CHEEZ-IT,,Cheez-It
170,5f504acabe37ce0b793c9418,TEST BRAND @1599097546963,,test brand @1599097546963
171,5afda3a8e4b03bf01c2a2967,SNACK FACTORY,0.0,Snack Factory
172,57c08294e4b0718ff5fcb039,JUPILER,,Jupiler
173,5332f77ce4b03c9a25efd12a,GARDETTO'S,,Gardetto's
174,5332f9ede4b03c9a25efd1c2,DANIMALS,,Danimals
175,58861c7e4e8d0d20bc42c4e2,MILLER64,0.0,Miller 64
176,592486bee410d61fcea3d12d,I CAN'T BELIEVE IT'S NOT BUTTER!,,I CAN'T BELIEVE IT'S NOT BUTTER!
177,5da608dfa60b87376833e354,511111805786,,ONE A DAY® ENERGY 
178,5ffe3a87be37ce7aab2d4fd9,TEST BRANDCODE @1610496647142,0.0,test brand @1610496647142
179,5ffe3a87be37ce7aab2d4fdb,TEST BRAND @1610496647311,0.0,test brand @1610496647311
180,5ffe3a86be37ce7aab2d4fd7,TEST BRANDCODE @1610496646289,0.0,test brand @1610496646289
181,5fff3a7abe37ce2bb793010e,TEST BRAND @1610562170795,0.0,test brand @1610562170795
182,5ffe3a86be37ce7aab2d4fd8,TEST BRANDCODE @1610496646345,0.0,test brand @1610496646345
183,5ffe3a86be37ce7aab2d4fd6,TEST BRANDCODE @1610496646232,0.0,test brand @1610496646232
184,5ffe35eabe37ce5e01754c47,TEST BRANDCODE @1610495466218,0.0,test brand @1610495466218
185,5ffe347ebe37ce5e01754c3f,TEST BRANDCODE @1610495102462,0.0,test brand @1610495102462
186,5ffe35eabe37ce5e01754c48,TEST BRANDCODE @1610495466250,0.0,test brand @1610495466250
187,57ebc28be4b0ac389136a344,KRAFT MIRACLE WHIP,0.0,Miracle Whip
188,58b59989e4b0857c2ddb7255,,0.0,Redd's Wicked
189,5f403232be37ce5f78d9ed19,TEST BRANDCODE @1598042674173,,test brand @1598042674173
190,5f493e72be37ce64d0ae36c4,TEST BRANDCODE @1598635634796,,test brand @1598635634796
191,5a5d257fe4b06ba572cf24a3,SHEAF STOUT,,Sheaf Stout
192,585a963ce4b03e62d1ce0e78,CHEETOS,1.0,Cheetos
193,5fb82a68be37ce522e165ce6,NATURES HARVEST,0.0,Nature's Harvest
194,5d6415d5a3a018514994f429,511111605058,,Health Magazine
195,5332fa7ae4b03c9a25efd229,FANTA,,Fanta
196,5f494c5e04db711dd8fe87e4,TEST BRANDCODE @1598639198570,,test brand @1598639198570
197,5f772951be37ce6b592e90d0,TEST BRAND @1601644881253,,test brand @1601644881253
198,5f504ac2be37ce0b793c9415,TEST BRANDCODE @1599097538609,,test brand @1599097538609
199,5bd201cc965c7d66d92731ee,SCOTT,0.0,Scott
200,5fd2a0bfbe37ce49eb72c0f1,TEST BRANDCODE @1607639231674,0.0,test brand @1607639231674
201,5daf3507a60b87376833e35c,EPIC,,EPIC™
202,58861c7e4e8d0d20bc42c4de,GROLSCH,0.0,Grolsch Lager
203,5f9770c0be37ce03d08a2d88,TEST BRANDCODE @1603760320407,,test brand @1603760320407
204,5a5e32c3e4b06ba572cf24aa,MAGNUM,,Magnum
205,5f99f71bbe37ce13da9eade9,TEST BRANDCODE @1603925787411,,test brand @1603925787411
206,5ffe35eabe37ce5e01754c4a,TEST BRANDCODE @1610495466861,0.0,test brand @1610495466861
207,5ffe3682be37ce5e01754c55,TEST BRAND @1610495618015,0.0,test brand @1610495618015
208,5ffe347ebe37ce5e01754c41,TEST BRANDCODE @1610495102526,0.0,test brand @1610495102526
209,5ffe347ebe37ce5e01754c40,TEST BRANDCODE @1610495102491,0.0,test brand @1610495102491
210,5ffe3480be37ce5e01754c44,TEST BRAND @1610495104441,0.0,test brand @1610495104441
211,5ffe35eabe37ce5e01754c46,TEST BRANDCODE @1610495466175,0.0,test brand @1610495466174
212,5ffe35f9be37ce5e01754c4c,TEST BRAND @1610495481412,0.0,test brand @1610495481412
213,5ffe347fbe37ce5e01754c42,TEST BRANDCODE @1610495103255,0.0,test brand @1610495103255
214,5ffe35eabe37ce5e01754c49,TEST BRANDCODE @1610495466285,0.0,test brand @1610495466285
215,5ff768e3be37ce1e961f32a0,TEST BRAND @1610049763071,0.0,test brand @1610049763071
216,5ff768d4be37ce1e961f329b,TEST BRANDCODE @1610049748118,0.0,test brand @1610049748118
217,5ff768d4be37ce1e961f329d,TEST BRANDCODE @1610049748181,0.0,test brand @1610049748181
218,5ff768d4be37ce1e961f329c,TEST BRANDCODE @1610049748154,0.0,test brand @1610049748154
219,5ff768d4be37ce1e961f329e,TEST BRANDCODE @1610049748724,0.0,test brand @1610049748724
220,5ff77857be37ce58ce50083a,TEST BRANDCODE @1610053719707,0.0,test brand @1610053719706
221,5fd7f2b3be37ce733975586c,TEST BRANDCODE @1607987891932,0.0,test brand @1607987891932
222,5fd7f2b3be37ce733975586b,TEST BRANDCODE @1607987891893,0.0,test brand @1607987891893
223,5fd7f2b3be37ce733975586a,TEST BRANDCODE @1607987891852,0.0,test brand @1607987891852
224,5fd7f2b8be37ce733975586f,TEST BRAND @1607987896065,0.0,test brand @1607987896065
225,5fd7f2b4be37ce733975586d,TEST BRANDCODE @1607987892541,0.0,test brand @1607987892540
226,5fd3acb6be37ce0d9386bb3f,TEST BRANDCODE @1607707829962,0.0,test brand @1607707829961
227,5332fa7be4b03c9a25efd22b,DIET CHERRY COKE,,Diet Cherry Coke
228,58861c7e4e8d0d20bc42c4e0,KILLIAN'S,0.0,Killians
229,5332f775e4b03c9a25efd127,CHEERIOS,,Cheerios
230,581ce962e4b058c71f74c443,.,,.
231,5332fa08e4b03c9a25efd1d8,FROSTED FLAKES,,Frosted Flakes
232,5f3d6f44be37ce4ddbb1bb3b,TEST BRANDCODE @1597861700880,,test brand @1597861700880
233,5f628235be37ce78e6e2efb1,TEST BRAND @1600291381675,,test brand @1600291381675
234,58b5988ce4b0857c2ddb7252,,0.0,Henry's Hard Sparkling
235,5f3ff200be37ce1c81aa1e0b,TEST BRAND @1598026240846,,test brand @1598026240846
236,57ebc125e4b0ac389136a33b,,0.0,Kraft Macaroni & Cheese
237,5332f7c8e4b03c9a25efd148,CASCADIAN FARM,,Cascadian Farm
238,57ebc2c8e4b0ac389136a349,KRAFT SHAKE 'N BAKE,0.0,Shake N' Bake
239,588ba032e4b02187f85cdadc,HP,0.0,HP Sauce
240,5f493665be37ce52f8314fca,TEST BRAND @1598633573683,,test brand @1598633573683
241,5dc0773ea60b873d6b0666ce,DRUMSTICK CEREAL,,Drumstick™ Cereal
242,5da60649a60b87376833e34b,ALEVE D SINUS & COLD,,ALEVE® D SINUS & COLD
243,580dff84e4b0f32b2de2137f,CHEEZ WHIZ,0.0,Cheez Whiz
244,5fcff305be37ce6d53dfc688,TEST BRANDCODE @1607463685522,0.0,test brand @1607463685522
245,5d66961cee7f2d201c7281cc,TEST BRAND1,1.0,Test brand1
246,57d957f2e4b0ac389136a2b4,COOL WHIP,0.0,Cool Whip
247,5daf59751dda2c3e1416ae99,TRIX,,Trix™
248,5da60859a60b87376833e352,FLINTSTONES,0.0,Flintstones™ Vitamins
249,5fb81935be37ce522e165cda,ABSOLUT® GRAPEFRUIT,0.0,Absolut® Grapefruit
250,5fb6d726be37ce522e165cc0,ALTOS,0.0,Altos®
251,5fb800f1be37ce522e165ccb,DEL MAGUEY ,0.0,Del Maguey® Vida
252,5fb80b63be37ce522e165cd1,JAMESON® BLACK BARREL ,0.0,Jameson® Black Barrel 
253,5fb808a1be37ce522e165ccf,JAMESON,0.0,Jameson® 
254,5fb7e62dbe37ce522e165cc3,MONKEY 47,0.0,Monkey 47®
255,5fb80d7cbe37ce522e165cd2,MALIBU,0.0,Malibu® Original
256,5fb7e962be37ce522e165cc6,LILLET,0.0,Lillet®
257,5d642de76d5f3b23d1bc7911,511111705161,,Traditional Home
258,57c0827de4b0718ff5fcb037,AMP2,1.0,Antarctica
259,5f3d6f44be37ce4ddbb1bb3d,TEST BRANDCODE @1597861700940,,test brand @1597861700940
260,5fa1c567be37ce402c4618f0,TEST BRANDCODE @1604437351567,0.0,test brand @1604437351567
261,5332fa03e4b03c9a25efd1d5,FRUIT FLAVORED SNACKS,,Fruit Flavored Snacks
262,5a8c3577e4b07f0a2dac8945,KELSEN,0.0,Kelsen
263,5da60932a60b87376833e356,511111405818,,ONE A DAY® KIDS AND TEENS
264,5da606581dda2c3e1416ae85,ALEVE DIRECT THERAPY PAIN RELIEF DEVICES,,ALEVE® DIRECT THERAPY PAIN RELIEF DEVICES
265,5a5d1ba9e4b0db471c2d0422,COLORADO NATIVE,,Colorado Native
266,585a9714e4b03e62d1ce0e92,SOBE,,SoBe
267,57ebc026e4b0ac389136a338,KNUDSEN,0.0,Knudsen
268,5da608a8a60b87376833e353,511111105763,,MiraLAX® Laxatives
269,5fcda47cbe37ce688e08b0c3,TEST BRAND @1607312508610,0.0,test brand @1607312508610
270,5d66dda06d5f3b6188d4f050,511111005421,,Pillsbury Magazine
271,585a9637e4b03e62d1ce0e77,CAP'N CRUNCH,1.0,Cap'n Crunch
272,5332fa79e4b03c9a25efd226,MELLO YELLO,,Mello Yello
273,5fb82359be37ce522e165ce1,MRS BAIRD'S,0.0,Mrs Baird's 
274,592486bfe410d61fcea3d13f,TRESEMME,0.0,TRESEMME
275,552ecca1e4b02ff29f99b215,TOP CARE,,Top Care
276,5a5e3615e4b06ba572cf24ab,PURE LEAF Iced Tea Beverages,0.0,PURE LEAF Iced Tea Beverages
277,5e5ff1f7ee7f2d0b35b2a18e,ONE A DAY KIDS,,ONE A DAY® KIDS
278,585a967fe4b03e62d1ce0e80,,1.0,Lay's Kettle Cooked
279,5f513ea1be37ce21f1287c02,TEST BRANDCODE @1599159968998,,test brand @1599159968998
280,5d66dd526d5f3b6188d4f04f,LIFEWTR,0.0,LIFEWTR
281,5d6412f86d5f3b23d1bc7909,511111804994,,Eating Well Magazine
282,5332f608e4b03c9a25efd0c1,SIERRA MIST,,Sierra Mist
283,5c49d161f0276e7719673719,SIMILAC,,SIMILAC
284,5da60843a60b87376833e351,CORICIDIN HBP,0.0,Coricidin® HBP
285,5f7ba648be37ce23081c528e,TEST BRANDCODE @1601939016290,,test brand @1601939016290
286,5a5d29fde4b0db471c2d0433,BADEDAS,,Badedas
287,54594387e4b0bfcb1e864083,SHURFINE,,Shurfine
288,585a96d2e4b03e62d1ce0e89,,0.0,Pepsi Diet
289,5332f9fee4b03c9a25efd1d0,APPLE JACKS/CINNAMON JACKS,,Apple Jacks/Cinnamon Jacks
290,5332fa73e4b03c9a25efd21c,DIET COKE,,Diet Coke
291,5fa98944be37ce239d107103,TEST BRANDCODE @1604946244876,0.0,test brand @1604946244876
292,5332f7afe4b03c9a25efd13d,SHOCK TOP,,Shock Top
293,5d540e65a3a018514994f41f,BENIHANA,,Benihana Frozen Entrees
294,5daf46261dda2c3e1416ae96,MOUNTAIN HIGH,,Mountain High™
295,585a972de4b03e62d1ce0e96,TOSTITOS,,Tostitos
296,5f9770bfbe37ce03d08a2d86,TEST BRANDCODE @1603760319788,,test brand @1603760319788
297,580e015be4b0f32b2de21385,,0.0,Kraft BBQ Sauce
298,5f5900d4be37ce21f1287c11,GERBER BABY FOOD,,Gerber Baby Food
299,5a8c33f3e4b07f0a2dac8943,PACE,0.0,Pace
300,5ab1589ae4b0915382df7621,CAMPBELLS SLOW KETTLE ,0.0,Campbell's Slow Kettle
301,5afda22ee4b03bf01c2a2965,ARCHWAY,0.0,Archway
302,588b9ff4e4b02187f85cdadb,,0.0,Kraft Salad Dressing
303,5ec2dde7be37ce5234ec36bb,BAYER® ASPIRIN,0.0,Bayer® Aspirin
304,5ff78071be37ce6a424ca0e9,TEST BRANDCODE @1610055793449,0.0,test brand @1610055793449
305,5ff78071be37ce6a424ca0e8,TEST BRANDCODE @1610055793411,0.0,test brand @1610055793411
306,5ff78071be37ce6a424ca0ea,TEST BRANDCODE @1610055793500,0.0,test brand @1610055793500
307,5ff78072be37ce6a424ca0ec,TEST BRANDCODE @1610055794196,0.0,test brand @1610055794196
308,5ff78071be37ce6a424ca0eb,TEST BRANDCODE @1610055793537,0.0,test brand @1610055793537
309,5ff789c5be37ce786ba0f6a3,TEST BRANDCODE @1610058181549,0.0,test brand @1610058181548
310,5ff77857be37ce58ce50083c,TEST BRANDCODE @1610053719944,0.0,test brand @1610053719944
311,5ff77858be37ce58ce50083d,TEST BRANDCODE @1610053719998,0.0,test brand @1610053719998
312,5ff78070be37ce6a424ca0e6,TEST BRAND @1610055792794,0.0,test brand @1610055792794
313,5ff77857be37ce58ce50083b,TEST BRANDCODE @1610053719869,0.0,test brand @1610053719869
314,5ff77859be37ce58ce500840,TEST BRAND @1610053721248,0.0,test brand @1610053721248
315,5ff77859be37ce58ce50083e,TEST BRANDCODE @1610053721033,0.0,test brand @1610053721033
316,5bd200c690fa074576779a16,DEPEND,0.0,Depend
317,5fdce9eabe37ce5fa8ba59db,TEST BRANDCODE @1608313322283,0.0,test brand @1608313322283
318,5fdce9e9be37ce5fa8ba59da,TEST BRANDCODE @1608313321374,0.0,test brand @1608313321374
319,5fdce9e9be37ce5fa8ba59d7,TEST BRANDCODE @1608313321191,0.0,test brand @1608313321191
320,5fdce9e9be37ce5fa8ba59d9,TEST BRANDCODE @1608313321301,0.0,test brand @1608313321301
321,5fdce9e9be37ce5fa8ba59d8,TEST BRANDCODE @1608313321222,0.0,test brand @1608313321222
322,5daf35a8a60b87376833e35d,NATURE VALLEY,,Nature Valley™
323,5f4936ddbe37ce52f8314fdd,TEST BRANDCODE @1598633693767,,test brand @1598633693767
324,5f4936ddbe37ce52f8314fde,TEST BRANDCODE @1598633693791,,test brand @1598633693791
325,5fb6b82dbe37ce522e165cbc,ANZIO,0.0,Anzio 
326,5d641306a3a018514994f427,511111705000,,Family Circle
327,55b630f5e4b0d8e685c14222,DIET RITE,,Diet Rite
328,5db780a6a60b87376833e369,HERSHEY'S WHIPPED TOPPING,,Hershey's Whipped Topping
329,5f4936ddbe37ce52f8314fdb,TEST BRANDCODE @1598633693720,,test brand @1598633693720
330,5332f5f2e4b03c9a25efd0a9,EGGO,,Eggo
331,5fb2852cbe37ce522e165cb2,TEST BRANDCODE @1605535020671,0.0,test brand @1605535020671
332,592486bee410d61fcea3d12e,IMPERIAL,,IMPERIAL
333,57c082a6e4b0718ff5fcb03b,MODELO ESPECIAL,,Modelo Especial
334,5da606ae1dda2c3e1416ae86,ALEVE PM NIGHT TIME,,ALEVE® PM NIGHT TIME
335,5f99f71bbe37ce13da9eade7,TEST BRANDCODE @1603925787294,,test brand @1603925787294
336,5a8c5e74e4b07f0a2dac8947,APOTHECARE ESSENTIALS,0.0,ApotheCARE Essentials
337,57e5817ae4b0ac389136a30c,HENRY WEINHARD'S,0.0,Henry's Hard Soda
338,5ab15392e4b0915382df761d,CAMPBELLS CHUNKY ,0.0,Campbell's Chunky
339,5e5ff265ee7f2d0b35b2a18f,ONE A DAY® WOMENS,,ONE A DAY® WOMENS
340,5f16f536be37ce2b30061e25,TEST BRANDCODE @1595340085980,,test brand @1595340085980
341,5332fb83e4b03c9a25efd24a,TOWN HOUSE,,Town House
342,5ef38672be37ce02da95b72f,KINGSFORD,,Kingsford Charcoal
343,5daf6baaa60b87376833e364,YOPLAIT GO-GURT,,Yoplait® Go-GURT®
344,5a4d1f06e4b0d5c3fd86b678,FRITO-LAY,1.0,FRITO-LAY
345,57ebc003e4b0ac389136a333,GREY POUPON,0.0,Grey Poupon
346,5f441280be37ce5dbe9b7c80,TEST BRANDCODE @1598296704763,,test brand @1598296704763
347,5ec2dda8be37ce5234ec36ba,BERROCA®,,Berroca®
348,58861c7f4e8d0d20bc42c4f9,PROPEL,0.0,Propel
349,58b59a68e4b0857c2ddb7257,MILWAUKEE'S BEST,0.0,Milwaukee's Best Ice
350,5332f753e4b03c9a25efd10f,NOS,,NOS
351,5a4d250ce4b0d5c3fd86b67b,SPITZ,,SPITZ
352,5d9d0270a60b87376833e347,IMAGINE,,IMAGINE
353,5d658fd1a3a018514994f431,BETTER HOMES AND GARDENS SPECIAL EDITION MAGAZINE - FOOD ,,BETTER HOMES AND GARDENS Special Edition Magazine - Food 
354,5f358338be37ce443bf9d55c,TEST BRANDCODE @1597342520969,,test brand @1597342520969
355,58b599fee4b0857c2ddb7256,,0.0,Steel Reserve Alloy Series
356,5a5d278de4b0db471c2d042f,TUSK & GRAIN,,Tusk & Grain
357,5332f7eee4b03c9a25efd15e,REDD'S ALE,0.0,Redd's Apple Ale
358,5afda18ee4b0c11cfecd49f5,LANCE,0.0,Lance
359,5a8c363ce4b0ccf165fac9e7,PACIFIC FOODS,0.0,Pacific Foods
360,5dd557081dda2c1971449a7a,YOPLAIT DUNKERS,,Yoplait® Dunkers
361,5332f774e4b03c9a25efd126,FIBER ONE,,Fiber One
362,5f4802bdbe37ce0c8303373f,TEST BRANDCODE @1598554813705,,test brand @1598554813705
363,5a021703e4b00efe02b02a58,LIPTON Soup,0.0,LIPTON Soup
364,5dc2da1fa60b873d6b0666d3,MINIONS CEREAL,,Minions™ Cereal
365,5d2f69a6a3a01810a2174aec,LOVE HOME AND PLANET,,LOVE HOME AND PLANET
366,5f208dafbe37ce7958c59522,TEST BRANDCODE @1595968943012,,test brand @1595968943012
367,5f2336cfbe37ce7958c5952c,ONETOUCH,,OneTouch®
368,5f3e9172be37ce5a0e01b953,TEST BRANDCODE @1597935986248,,test brand @1597935986247
369,55a41b88e4b0d0a65b3692f0,KRAFT,0.0,Kraft
370,5daf70071dda2c3e1416ae9e,BASIC 4,,Basic 4™
371,5a8c31bfe4b0ccf165fac9e4,WOLFGANG PUCK,0.0,Wolfgang Puck
372,5f7760f0be37ce1d26d7b7a5,TEST BRANDCODE @1601659120828,,test brand @1601659120828
373,5f99f71bbe37ce13da9eadea,TEST BRANDCODE @1603925787441,,test brand @1603925787441
374,5a8c378ce4b07f0a2dac8946,THE SOULFUL PROJECT,,The Soulfull Project
375,5f493682be37ce52f8314fd0,TEST BRANDCODE @1598633602924,,test brand @1598633602924
376,580dff97e4b0f32b2de21381,DREAM WHIP,0.0,Dream Whip
377,5f38578fbe37ce5178517ad7,TEST BRANDCODE @1597527951461,,test brand @1597527951461
378,5fd2a0bfbe37ce49eb72c0f0,TEST BRANDCODE @1607639231623,0.0,test brand @1607639231623
379,5332fa6be4b03c9a25efd217,BREW PUB,,Brew Pub
380,5a8f64c6e4b0a2e2844f5695,KJELDSEN,0.0,Kjeldsen
381,5f493dabbe37ce64d0ae36bd,TEST BRANDCODE @1598635435896,,test brand @1598635435896
382,57ebc134e4b0ac389136a33d,,0.0,Kraft Cheese
383,5f5bc4f1be37ce17125ac0ea,TEST BRANDCODE @1599849713773,,test brand @1599849713772
384,5fd29591be37ce38bbbefb2a,TEST BRANDCODE @1607636369405,0.0,test brand @1607636369405
385,5f77274bbe37ce6b592e90bc,TEST BRANDCODE @1601644363827,,test brand @1601644363827
386,5a8c35dde4b0ccf165fac9e6,PEPPERIDGE FARM,0.0,Pepperidge Farm
387,5332f760e4b03c9a25efd11a,HONEST TEA,,Honest Tea
388,5f4802d2be37ce0c83033743,TEST BRAND @1598554834882,,test brand @1598554834882
389,60074277be37ce360be639ff,TEST BRANDCODE @1611088503689,0.0,test brand @1611088503689
390,5332f9f0e4b03c9a25efd1c3,PRINGLES,,Pringles
391,5fb2852cbe37ce522e165cb0,TEST BRANDCODE @1605535020580,0.0,test brand @1605535020580
392,58861c7e4e8d0d20bc42c4e3,MILLER HIGH LIFE,0.0,Miller High Life
393,585b0b23e4b03e62d1ce0e99,QUAKER,0.0,Quaker
394,5332f7ffe4b03c9a25efd16a,ALL NATURAL,,All Natural
395,5da608291dda2c3e1416ae8b,511111705727,,Claritin® KIDS
396,57d848efe4b0ac389136a2aa,ATHENOS,0.0,Athenos
397,5f513ea1be37ce21f1287c03,TEST BRANDCODE @1599159969028,,test brand @1599159969028
398,5f35a0babe37ce6853cff201,TEST BRANDCODE @1597350074404,,test brand @1597350074404
399,5a5d2c1fe4b06ba572cf24a8,SEDAL,,Sedal
400,5d603537a3a018514994f424,RED ROCK DELI,0.0,Red Rock Deli Chips
401,5da607a9a60b87376833e34f,ALKA SELTZER PLUS SINUS CAP/ GEL/ TAB,,ALKA SELTZER PLUS® SINUS CAP/ GEL/ TAB
402,5f493682be37ce52f8314fcd,TEST BRANDCODE @1598633602253,,test brand @1598633602253
403,585a970ee4b03e62d1ce0e91,SMARTFOOD,,Smartfood
404,5f403231be37ce5f78d9ed18,TEST BRANDCODE @1598042673532,,test brand @1598042673532
405,5f7ba932be37ce2f290fb252,TEST BRANDCODE @1601939762881,,test brand @1601939762881
406,58863e1ee4b02187f85cdace,OSCAR MAYER,0.0,Oscar Mayer
407,5a5d234be4b06ba572cf249f,LECH PREMIUM,,Lech
408,5d642d946d5f3b23d1bc7910,511111805137,,Real Simple
409,5fb8292abe37ce522e165ce3,HEINERS,0.0,Heiners
410,5d6419346d5f3b23d1bc790e,PARENTS,,Parents
411,5332fa0ae4b03c9a25efd1dd,SMART START,,Smart Start
412,5ccb2ece166eb31bbbadccbe,PIONEER WOMAN,,The Pioneer Woman
413,60074278be37ce360be63a03,TEST BRANDCODE @1611088504474,0.0,test brand @1611088504474
414,5d6419746d5f3b23d1bc790f,511111605102,,People en Espanol
415,5a5d1fbfe4b0db471c2d0428,HOP VALLEY,,Hop Valley
416,5f3d6f44be37ce4ddbb1bb3c,TEST BRANDCODE @1597861700914,,test brand @1597861700914
417,580dffade4b0f32b2de21384,YUBAN,0.0,Yuban Coffee
418,5d6423ffa3a018514994f42c,511111105114,,People Magazine
419,5f9770bfbe37ce03d08a2d84,TEST BRANDCODE @1603760319682,,test brand @1603760319682
420,5f4a7a5dbe37ce2d95e65ca3,TEST BRANDCODE @1598716509394,,test brand @1598716509394
421,5f35834dbe37ce443bf9d565,TEST BRAND @1597342541226,,test brand @1597342541226
422,592486bfe410d61fcea3d13d,TIGI,0.0,TIGI
423,5daf3365a60b87376833e35b,AUTUMN'S GOLD,,Autumn's Gold™
424,5a5d2a86e4b06ba572cf24a6,BROOKE BOND,,Brooke Bond
425,5d6415c66d5f3b23d1bc790c,511111105046,,Food & Wine Magazine
426,57c08285e4b0718ff5fcb038,QUILMES,,Quilmes
427,5f208dafbe37ce7958c59523,TEST BRANDCODE @1595968943049,,test brand @1595968943049
428,5c9a975495144c182bbc7270,AMPTEST,1.0,Test FRS-920 again1
429,5332f709e4b03c9a25efd0f0,COORS,0.0,Coors Light
430,5dc1aaf51dda2c0ad7da64ad,BOLT 24,,BOLT24
431,58861c7f4e8d0d20bc42c4f8,MIST TWST,0.0,Mist Twst
432,5fda3724be37ce09e3515970,TEST BRANDCODE @1608136484526,0.0,test brand @1608136484526
433,5fda3725be37ce09e3515974,TEST BRANDCODE @1608136485398,0.0,test brand @1608136485398
434,5fda3724be37ce09e3515971,TEST BRANDCODE @1608136484574,0.0,test brand @1608136484574
435,5fd28f0cbe37ce6d53dfc692,SARGENTO,0.0,Sargento® Cheese
436,5fda3724be37ce09e3515972,TEST BRANDCODE @1608136484633,0.0,test brand @1608136484633
437,5fda3724be37ce09e3515973,TEST BRANDCODE @1608136484689,0.0,test brand @1608136484689
438,5ff73cffbe37ce1e961f325d,TEST BRAND @1610038527809,0.0,test brand @1610038527809
439,5ff73cf9be37ce1e961f3258,TEST BRANDCODE @1610038521565,0.0,test brand @1610038521565
440,5ff73cf9be37ce1e961f325a,TEST BRANDCODE @1610038521677,0.0,test brand @1610038521677
441,5ff74123be37ce1e961f3266,TEST BRAND @1610039587818,0.0,test brand @1610039587818
442,5ff73cf9be37ce1e961f3259,TEST BRANDCODE @1610038521624,0.0,test brand @1610038521624
443,5ff73cfabe37ce1e961f325b,TEST BRANDCODE @1610038522559,0.0,test brand @1610038522559
444,5ff74500be37ce1e961f3279,TEST BRANDCODE @1610040576117,0.0,test brand @1610040576117
445,5ff74500be37ce1e961f327b,TEST BRANDCODE @1610040576672,0.0,test brand @1610040576672
446,5ff75cdebe37ce1e961f328b,TEST BRAND @1610046686560,0.0,test brand @1610046686560
447,5ff74500be37ce1e961f3278,TEST BRANDCODE @1610040576088,0.0,test brand @1610040576088
448,5ff74500be37ce1e961f327a,TEST BRANDCODE @1610040576148,0.0,test brand @1610040576148
449,5ff74500be37ce1e961f3277,TEST BRANDCODE @1610040576053,0.0,test brand @1610040576053
450,5da60785a60b87376833e34e,ALKA SELTZER PLUS,0.0,Alka-Seltzer Plus®
451,6000a0c9be37ce2bb7930121,TEST BRANDCODE @1610653897113,0.0,test brand @1610653897113
452,6000a0c6be37ce2bb793011f,TEST BRANDCODE @1610653894519,0.0,test brand @1610653894519
453,6000b8c3be37ce321363c6c0,TEST BRANDCODE @1610660035659,0.0,test brand @1610660035659
454,6000a0c6be37ce2bb7930120,TEST BRANDCODE @1610653894662,0.0,test brand @1610653894662
455,6000a0f3be37ce2bb793012a,TEST BRAND @1610653939508,0.0,test brand @1610653939508
456,6000a0c6be37ce2bb793011e,TEST BRANDCODE @1610653894371,0.0,test brand @1610653894371
457,5f7760f2be37ce1d26d7b7a7,TEST BRANDCODE @1601659122798,,test brand @1601659122798
458,5332f7ace4b03c9a25efd13a,MICHELOB ULTRA,,Michelob Ultra
459,5daf5d1aa60b87376833e361,COCOA PUFFS,,Cocoa Puffs™
460,5f7760f0be37ce1d26d7b7a4,TEST BRANDCODE @1601659120793,,test brand @1601659120793
461,5afda26ce4b0c11cfecd49f8,JAYS,0.0,Jay's
462,592486bee410d61fcea3d130,KNORR,0.0,KNORR
463,57c0812de4b0718ff5fcb02e,CRUNCHY NUT,,Crunchy Nut
464,5a5d1c62e4b0db471c2d0424,CRISTAL,,Cristal
465,5fcda494be37ce688e08b0d0,TEST BRANDCODE @1607312532874,0.0,test brand @1607312532874
466,57ebbcc2e4b0ac389136a32c,BOCA,0.0,Boca
467,5c409ab4cd244a3539b84162,ALEXA,1.0,alexa
468,5daf54ec1dda2c3e1416ae98,KIX,,KIX™
469,5f19e054be37ce33f74a166f,TEST BRANDCODE @1595531348246,,test brand @1595531348245
470,5d658fc0a3a018514994f430,ALLRECIPES SPECIAL EDITION MAGAZINE,,Allrecipes Special Edition Magazine
471,585a966be4b03e62d1ce0e7e,GRANDMA'S,1.0,Grandma's
472,5f872b7fbe37ce66db5dd976,TEST BRANDCODE @1602694015178,,test brand @1602694015177
473,5a5d24c2e4b0db471c2d042b,SHARP'S NEAR BEER,,Sharp's
474,5332f7e0e4b03c9a25efd151,GOOD EARTH,,Good Earth
475,5db77d891dda2c3e1416ae9f,BAILEYS,,Baileys Coffee Products
476,5f21c852be37ce7958c59529,FINISH,,FINISH®
477,5bcdfc5a965c7d66d92731e9,V8 HYDRATE,,V8 Hydrate
478,5f494c5e04db711dd8fe87e3,TEST BRANDCODE @1598639197926,,test brand @1598639197925
479,5f872b7fbe37ce66db5dd978,TEST BRANDCODE @1602694015743,,test brand @1602694015743
480,57ebc017e4b0ac389136a336,JELL-O,0.0,Jell-O
481,5f77274cbe37ce6b592e90be,TEST BRANDCODE @1601644364536,,test brand @1601644364536
482,5f99f71bbe37ce13da9eadeb,TEST BRANDCODE @1603925787997,,test brand @1603925787997
483,5ab15207e4b0be0a89bb0b04,GOLDFISH,0.0,Goldfish
484,5332f5f6e4b03c9a25efd0b2,COCA-COLA,,Coca-Cola
485,5f493682be37ce52f8314fcf,TEST BRANDCODE @1598633602304,,test brand @1598633602304
486,5f7760f0be37ce1d26d7b7a3,TEST BRANDCODE @1601659120694,,test brand @1601659120693
487,58861c7f4e8d0d20bc42c500,,0.0,Quaker Rice Cakes
488,5cc725bd166eb31bbbadccbd,CAPE LINE,,Cape Line
489,5f3e9173be37ce5a0e01b957,TEST BRANDCODE @1597935987233,,test brand @1597935987233
490,585a96b3e4b03e62d1ce0e85,NEAR EAST,,Near East
491,5332f6f4e4b03c9a25efd0ed,PEACE TEA,,Peace Tea
492,5d642dd1a3a018514994f42f,511111505150,,Southern Living
493,5332f802e4b03c9a25efd16d,LIGHT & FIT,,Light & Fit
494,5ef3860fbe37ce02da95b72e,CLOROX,,Clorox
495,585a9698e4b03e62d1ce0e83,,0.0,Mountain Dew Diet
496,5a5e36d6e4b06ba572cf24ac,MAY-BUD,0.0,May-Bud
497,5f5bc4f1be37ce17125ac0eb,TEST BRANDCODE @1599849713798,,test brand @1599849713798
498,55bf8c6ce4b0d8e685c1489d,GATORADE,0.0,Gatorade
499,5f358338be37ce443bf9d558,TEST BRANDCODE @1597342520132,,test brand @1597342520131
500,5a8c3140e4b07f0a2dac8941,GARDEN FRESH GOURMET,0.0,Garden Fresh Gourmet
501,5a5d17ede4b06ba572cf2498,AUNT JEMIMA DRY BREAKFAST MIXES,0.0,AUNT JEMIMA Dry Breakfast Mixes
502,5a5d23f1e4b06ba572cf24a0,OLDE ENGLISH,,Olde English
503,5f628215be37ce78e6e2efad,TEST BRANDCODE @1600291349255,,test brand @1600291349255
504,58861c7e4e8d0d20bc42c4f6,MATADOR,,Matador Snacks
505,580dff8fe4b0f32b2de21380,DIGIORNO CHEESE,,DiGiorno Cheese
506,5d66d516a3a018093ab34725,511111305286,,Country Home Magazine
507,5daf4f9ca60b87376833e360,REESE'S PUFFS,,Reese's® Puffs
508,5daf6e31a60b87376833e365,GOLDEN GRAHAMS,,Golden Grahams™
509,5332f7ace4b03c9a25efd13b,BACARDI,,Bacardi
510,5f3ff222be37ce1c81aa1e10,TEST BRANDCODE @1598026274692,,test brand @1598026274692
511,5d66d8c86d5f3b6188d4f049,511111805342,,LIFE Special Edition Magazine 
512,5fcff319be37ce6d53dfc691,TEST BRAND @1607463705032,0.0,test brand @1607463705032
513,5332fa74e4b03c9a25efd21e,SPRITE,,Sprite
514,5f4802bdbe37ce0c83033740,TEST BRANDCODE @1598554813744,,test brand @1598554813744
515,585a96e9e4b03e62d1ce0e8b,RICE-A-RONI,,Rice A Roni
516,5332f756e4b03c9a25efd113,MURRAY,,Murray
517,5afda67de4b0c11cfecd49fc,STELLA DORO,0.0,STELLA D'ORO
518,5f4bf556be37ce0b4491554c,TEST BRANDCODE @1598813526686,,test brand @1598813526686
519,5fa1c567be37ce402c4618f3,TEST BRANDCODE @1604437351678,0.0,test brand @1604437351678
520,5ab15669e4b0be0a89bb0b08,CAMPBELLS READY MEALS,0.0,Campbell's Ready Meals
521,5332f612e4b03c9a25efd0c4,KICKSTART,,Kickstart
522,5f21ca86be37ce7958c5952b,RESOLVE,,RESOLVE®
523,57e580e8e4b0ac389136a304,,0.0,Coors Banquet
524,58861c7e4e8d0d20bc42c4f7,MAUI STYLE,,Maui Style Chips
525,5332fa84e4b03c9a25efd232,POWERADE ZERO,,Powerade Zero
526,5d2f3eada3a01810a2174aeb,CULTURE REPUBLICK ,,CULTURE REPUBLICK 
527,5daf63151dda2c3e1416ae9b,WHEATIES,,Wheaties™
528,5f772952be37ce6b592e90d5,TEST BRANDCODE @1601644882062,,test brand @1601644882062
529,55bf8c15e4b0d8e685c1489c,,0.0,Quaker Life
530,5f7ba645be37ce23081c528c,TEST BRANDCODE @1601939013444,,test brand @1601939013444
531,5da605bea60b87376833e34a,511111805571,,AFRIN® ORIGINAL NASAL SPRAY
532,5f493e72be37ce64d0ae36c5,TEST BRANDCODE @1598635634821,,test brand @1598635634821
533,5fd3acb6be37ce0d9386bb43,TEST BRANDCODE @1607707830844,0.0,test brand @1607707830844
534,5952a596e4b08f39def64d03,ZIMA,,Zima
535,5f3ff222be37ce1c81aa1e0d,TEST BRANDCODE @1598026274609,,test brand @1598026274609
536,5d6027f46d5f3b23d1bc7906,CHESTERS,,CHESTER'S
537,5f77274bbe37ce6b592e90bb,TEST BRANDCODE @1601644363784,,test brand @1601644363784
538,5afda1dae4b0c11cfecd49f6,CAPE COD,0.0,Cape Cod
539,5e710dbeee7f2d0b35b2a192,COUNTRY CROCK PLANT BUTTER,,COUNTRY CROCK PLANT BUTTER
540,5d66dad8a3a018093ab34729,511111205388,,National Geographic Special Edition Magazine 
541,5daf5f65a60b87376833e363,CHOCOLATE LUCKY CHARMS,,Chocolate Lucky Charms™
542,5f4802bdbe37ce0c8303373d,TEST BRANDCODE @1598554813535,,test brand @1598554813534
543,5ffe3381be37ce5e01754c35,TEST BRAND @1610494849657,0.0,test brand @1610494849657
544,5ffe2e38be37ce5e01754c23,TEST BRANDCODE @1610493496975,0.0,test brand @1610493496975
545,5ffe347ebe37ce5e01754c3e,TEST BRANDCODE @1610495102411,0.0,test brand @1610495102410
546,5ffe336fbe37ce5e01754c31,TEST BRANDCODE @1610494831056,0.0,test brand @1610494831056
547,5ffe336fbe37ce5e01754c32,TEST BRANDCODE @1610494831082,0.0,test brand @1610494831082
548,5ffe336fbe37ce5e01754c30,TEST BRANDCODE @1610494831023,0.0,test brand @1610494831023
549,5ffe2e39be37ce5e01754c24,TEST BRANDCODE @1610493497005,0.0,test brand @1610493497005
550,5ffe2e39be37ce5e01754c26,TEST BRANDCODE @1610493497517,0.0,test brand @1610493497517
551,5ffe2e39be37ce5e01754c25,TEST BRANDCODE @1610493497034,0.0,test brand @1610493497034
552,5ffe336fbe37ce5e01754c2f,TEST BRANDCODE @1610494830985,0.0,test brand @1610494830985
553,5ffe336fbe37ce5e01754c33,TEST BRANDCODE @1610494831583,0.0,test brand @1610494831583
554,5fdce8dbbe37ce5fa8ba59c2,TEST BRANDCODE @1608313051339,0.0,test brand @1608313051339
555,5fdce8dbbe37ce5fa8ba59c1,TEST BRANDCODE @1608313051291,0.0,test brand @1608313051291
556,5fdce8dcbe37ce5fa8ba59c3,TEST BRANDCODE @1608313052049,0.0,test brand @1608313052049
557,5fdce9cabe37ce5fa8ba59ce,TEST BRAND @1608313290565,0.0,test brand @1608313290565
558,5fdce8edbe37ce5fa8ba59cc,TEST BRAND @1608313069400,0.0,test brand @1608313069400
559,5fdce8dbbe37ce5fa8ba59bf,TEST BRANDCODE @1608313051133,0.0,test brand @1608313051132
560,5fdce8dbbe37ce5fa8ba59c0,TEST BRANDCODE @1608313051244,0.0,test brand @1608313051244
561,5fb8216ebe37ce522e165cdd,BALL PARK,0.0,Ball Park
562,5332f765e4b03c9a25efd120,GLACEAU FRUITWATER,,Glaceau fruitwater
563,5f43faabbe37ce3ef3fd3717,TEST BRANDCODE @1598290603618,,test brand @1598290603618
564,5a5d1f46e4b0db471c2d0427,HIDDEL BARREL COLLECTION,,Hidden Barrel Collection
565,5db9e8db1dda2c3e1416aea1,LAUNCH BOX,,Launch Box
566,57ebc2bde4b0ac389136a348,,0.0,Poppers
567,5a02196ce4b00efe02b02a5a,SIMPLE,0.0,SIMPLE
568,5a5d2bcbe4b0db471c2d0435,SALON SELECTIVES,,Salon Selectives
569,57d9580ee4b0ac389136a2b6,CRACKER BARREL,0.0,Cracker Barrel Cheese
570,5c112616315a241ba1716511,HUGGIES LITTLE SWIMMERS,0.0,Huggies Little Swimmers
571,5f403231be37ce5f78d9ed17,TEST BRANDCODE @1598042673502,,test brand @1598042673502
572,5fd3acb6be37ce0d9386bb42,TEST BRANDCODE @1607707830173,0.0,test brand @1607707830173
573,5db20be5a60b87376833e366,SHREDS,,Blasted Shreds™
574,5d9d08d1a60b87376833e348,BAKEN ETS,,Baken-Ets
575,5daf54491dda2c3e1416ae97,HONEY NUT CHEERIOS,,Honey Nut Cheerios™
576,5332f734e4b03c9a25efd103,JOHNSONVILLE,,Johnsonville
577,53501d29b9237fd7718f9e15,TOMBSTONE,,Tombstone
578,5332f775e4b03c9a25efd128,CHEX,,Chex
579,5f38576ebe37ce5178517acb,TEST BRAND @1597527918397,,test brand @1597527918397
580,5c76dd4d95144c5375687b52,DASH-2249 1 BRAND 1,1.0,DASH-2249 1 brand 1
581,585a964ce4b03e62d1ce0e7a,CRACKER JACK,1.0,Cracker Jack
582,5f59002dbe37ce21f1287c10,GERBER GOOD START,,Gerber Good Start
583,5f4802bdbe37ce0c8303373e,TEST BRANDCODE @1598554813654,,test brand @1598554813654
584,5f493dacbe37ce64d0ae36bf,TEST BRANDCODE @1598635436505,,test brand @1598635436505
585,5f38578fbe37ce5178517ad6,TEST BRANDCODE @1597527951436,,test brand @1597527951436
586,5332fa7be4b03c9a25efd22c,FRESCA,,Fresca
587,5d6412e9a3a018514994f426,BETTER HOMES & GARDENS,,Better Homes & Gardens Magazine
588,5332f7b4e4b03c9a25efd140,BUD LIGHT PLATINUM,,Bud Light Platinum
589,5fb821d1be37ce522e165cde,BIMBO,0.0,Bimbo
590,5457a0cde4b05a46170caebc,FETCH REWARDS,,Fetch Rewards
591,5332f7f5e4b03c9a25efd163,LEINENKUGEL'S,0.0,Leinenkugel's
592,5f590184be37ce21f1287c12,NESTLE NAN,,Nestle NAN
593,5f403231be37ce5f78d9ed16,TEST BRANDCODE @1598042673466,,test brand @1598042673466
594,57ebc01fe4b0ac389136a337,JET-PUFFED,0.0,Jet-Puffed
595,5f772952be37ce6b592e90d6,TEST BRANDCODE @1601644882548,,test brand @1601644882548
596,5f298852be37ce7958c5952d,HEALTH,,Health Magazine
597,57ebc144e4b0ac389136a33f,,0.0,Kraft Singles
598,5f772952be37ce6b592e90d3,TEST BRANDCODE @1601644882019,,test brand @1601644882019
599,5332fa7ce4b03c9a25efd22d,DIET COKE LIME,,Diet Coke Lime
600,5f77274bbe37ce6b592e90bd,TEST BRANDCODE @1601644363876,,test brand @1601644363876
601,5f19e062be37ce33f74a1675,TEST BRAND @1595531362667,,test brand @1595531362667
602,5d66def56d5f3b6188d4f051,511111705444,,Rolling Stone Special Collectors Edition Magazine
603,5a5d1a67e4b06ba572cf2499,MUNCHIES,,MUNCHIES
604,5da608c91dda2c3e1416ae8d,511111605775,,ONE A DAY® 50+
605,5fcff304be37ce6d53dfc687,TEST BRANDCODE @1607463684816,0.0,test brand @1607463684816
606,5f4936debe37ce52f8314fdf,TEST BRANDCODE @1598633694347,,test brand @1598633694347
607,5f441280be37ce5dbe9b7c7e,TEST BRANDCODE @1598296704639,,test brand @1598296704638
608,5daf329ca60b87376833e35a,ANNIE'S,,Annie's Homegrown
609,5f4cff1ba475f1050a66b568,TEST BRANDCODE @1598881562991,,test brand @1598881562991
610,5f4bf556be37ce0b4491554b,TEST BRANDCODE @1598813526656,,test brand @1598813526656
611,5db6fb28a60b87376833e367,MIDOL,,Midol® 
612,5f3d6f43be37ce4ddbb1bb39,TEST BRAND @1597861699811,,test brand @1597861699811
613,5cdacf1c166eb33eb7ce0fa9,TWISTED RANCH,,Twisted Ranch
614,53501d29b9237fd7718f9e17,JACKS,,Jacks
615,5afda00ce4b0c11cfecd49f4,EMERALD,0.0,Emerald
616,5f4cff1aa475f1050a66b567,TEST BRANDCODE @1598881562500,,test brand @1598881562499
617,5332f9fde4b03c9a25efd1cf,FROOT LOOPS,,Froot Loops
618,5f4a64e7be37ce17d23b317b,TEST BRANDCODE @1598711015538,,test brand @1598711015538
619,5db77f7aa60b87376833e368,HERSHEYS HOT COCOA,,Hershey's Hot Cocoa Mix
620,592486bee410d61fcea3d135,PG TIPS,,PG TIPS
621,58861c7f4e8d0d20bc42c4fd,,0.0,Quaker Puffed
622,5a5d1a8ce4b0db471c2d0420,MUNCHOS,,MUNCHOS
623,57ebc15fe4b0ac389136a342,LUNCHABLES,0.0,Lunchables
624,5332f9fce4b03c9a25efd1cc,NUTRI-GRAIN,,Nutri-Grain
625,57c08250e4b0718ff5fcb033,LEFFE,,Leffe
626,5f21c99dbe37ce7958c5952a,WOOLITE,,WOOLITE®
627,5d6412d36d5f3b23d1bc7908,511111104971,,Travel and Leisure Magazine
628,5bd2011f90fa074576779a17,HUGGIES,0.0,Huggies
629,5f4a64e7be37ce17d23b3179,TEST BRANDCODE @1598711015353,,test brand @1598711015353
630,5332fa7de4b03c9a25efd22f,SPRITE ZERO,,Sprite Zero
631,5fb2852dbe37ce522e165cb3,TEST BRANDCODE @1605535021531,0.0,test brand @1605535021531
632,5a8c2e5ee4b0ccf165fac9e1,BISCA,0.0,Bisca
633,5f4cff1ca475f1050a66b56a,TEST BRANDCODE @1598881563900,,test brand @1598881563900
634,5f7ba932be37ce2f290fb253,TEST BRANDCODE @1601939762909,,test brand @1601939762909
635,58861c7e4e8d0d20bc42c4e9,PERONI,0.0,Peroni Italy
636,5f4802bebe37ce0c83033741,TEST BRANDCODE @1598554814581,,test brand @1598554814581
637,5332fa67e4b03c9a25efd216,ORV'S,,Orv's
638,55a41a9de4b0d0a65b3692ed,RPS,,RPs
639,5fcff304be37ce6d53dfc685,TEST BRANDCODE @1607463684722,0.0,test brand @1607463684722
640,5db9f8c5a60b87376833e36a,BETTY CROCKER GUSHERS,,Fruit Gushers™
641,5332f789e4b03c9a25efd12c,BUGLES,,Bugles
642,5f3d6f45be37ce4ddbb1bb3f,TEST BRANDCODE @1597861701615,,test brand @1597861701615
643,5332f762e4b03c9a25efd11e,GLACEAU VITAMINWATER ZERO,,Glaceau vitaminwater zero
644,5f16f512be37ce2b30061e1e,TEST BRAND @1595340050104,,test brand @1595340050104
645,5daf2baea60b87376833e359,LUCKY CHARMS,0.0,Lucky Charms®
646,57d95741e4b0ac389136a2b1,BACK TO NATURE DINNERS,0.0,Back to Nature Meals
647,5332f7b2e4b03c9a25efd13f,BUDWEISER SELECT 55,,Budweiser Select 55
648,5f35a0babe37ce6853cff200,TEST BRANDCODE @1597350074366,,test brand @1597350074366
649,537b7ec2892471241348d70a,CEDAR CREST,,Cedar Crest
650,5fc54c0abe37ce1911dbb3b3,TEST BRANDCODE @1606765578747,0.0,test brand @1606765578747
651,5d642d65a3a018514994f42d,511111305125,,Rachael Ray Everyday
652,5fb829c0be37ce522e165ce4,GRANDMA SYCAMORE,0.0,Grandma Sycamore
653,5dc2db051dda2c0ad7da64b0,MERMAID CEREAL,,Mermaid Cereal
654,5f35a0babe37ce6853cff1fe,TEST BRANDCODE @1597350074237,,test brand @1597350074236
655,5332f5fde4b03c9a25efd0bc,AQUAFINA,0.0,Aquafina
656,5d66e20b6d5f3b6188d4f055, SOBE,,SoBe Drinks
657,5332f9f4e4b03c9a25efd1ca,RICE KRISPIES,,Rice Krispies
658,5d6594a2a3a018514994f434,511111905240,,Kitchen and Baths
659,5f5bc4f1be37ce17125ac0ec,TEST BRANDCODE @1599849713825,,test brand @1599849713825
660,55b630d3e4b0d8e685c1421e,SUNKIST,,Sunkist
661,5ab154eae4b0915382df7620,CAMPBELLS DINNER SAUCES ,0.0,Campbell's Dinner Sauces
662,55b630ece4b0d8e685c14221,SQUIRT,,Squirt
663,5cdad1daca6a4c76f3f8c515,WILD STYLE,,Wild Style Sauce
664,592486bee410d61fcea3d128,DOVE BODY,0.0,DOVE
665,5f7ba645be37ce23081c528a,TEST BRANDCODE @1601939012950,,test brand @1601939012949
666,5f358338be37ce443bf9d559,TEST BRANDCODE @1597342520238,,test brand @1597342520238
667,5f494cf904db711dd8fe87f0,TEST BRAND @1598639353768,,test brand @1598639353768
668,57d96124e4b0ac389136a2b9,WEIGHT WATCHERS SMART ONES,0.0,Smart Ones
669,5da60696a60b87376833e34c,ALEVE LIQUID GELS,,ALEVE® LIQUID GELS
670,5332f603e4b03c9a25efd0bf,LIPTON,,Lipton
671,591325cde4b0cddf4ebb6a69,SANTITAS,,SANTITAS Tortilla Chips
672,5d4880ca6d5f3b105d1bc8dc,FRUIT LOVE,,Fruit Love Spoonable Smoothies
673,585a9744e4b03e62d1ce0e98,TROPICANA,0.0,Tropicana
674,585a96fbe4b03e62d1ce0e8e,SABRA,,Sabra
675,5daf68751dda2c3e1416ae9c,RAISIN NUT BRAN,,Raisin Nut Bran
676,5da607daa60b87376833e350,511111405696,,Bayer® ASPRIN EXTRA STRENGTH 
677,5332f9f1e4b03c9a25efd1c5,CORN FLAKES,,Corn Flakes
678,5887a28ae4b02187f85cdad6,VELVEETA,0.0,Velveeta
679,592486bee410d61fcea3d12b,GOOD HUMOR,0.0,GOOD HUMOR
680,5aa1b53ae4b086c8aad5e097,JUST CRACK AN EGG,0.0,JUST CRACK AN EGG Scramble Kit
681,5fa98944be37ce239d107101,TEST BRANDCODE @1604946244789,0.0,test brand @1604946244789
682,5d6417f56d5f3b23d1bc790d,511111305071,0.0,MARTHA STEWART LIVING MAGAZINE
683,592486bee410d61fcea3d129,,0.0,DOVE MEN+CARE
684,588ba0f5e4b02187f85cdade,,0.0,Cracker Barrel Macaroni & Cheese Dinners
685,5f4bf556be37ce0b4491554a,TEST BRANDCODE @1598813526618,,test brand @1598813526618
686,5f7760ffbe37ce1d26d7b7a9,TEST BRAND @1601659135935,,test brand @1601659135935
687,5332f5fbe4b03c9a25efd0b9,PEPSI,0.0,Pepsi
688,5daf2e2a1dda2c3e1416ae92,MOTT'S,,Mott's® Fruit Snacks
689,5332f9fde4b03c9a25efd1ce,CORN POPS,,Corn Pops
690,5a8f6461e4b02d0314ffa208,RIBERHUS,0.0,Riberhus
691,58861d07e4b02187f85cdacd,HERSHEY'S PUDDING,0.0,Hershey's Pudding
692,5f504ac2be37ce0b793c9412,TEST BRANDCODE @1599097538395,,test brand @1599097538394
693,5332f7aae4b03c9a25efd139,BUSCH,,Busch
694,53501d29b9237fd7718f9e16,DIGIORNO,,Digiorno
695,5fd29590be37ce38bbbefb27,TEST BRANDCODE @1607636368260,0.0,test brand @1607636368260
696,5c49d4c5315a247b580d50fb,GO & GROW,,GO & GROW
697,5f208dafbe37ce7958c59524,TEST BRANDCODE @1595968943087,,test brand @1595968943087
698,592486bde410d61fcea3d126,COUNTRY CROCK,,COUNTRY CROCK
699,585a971ae4b03e62d1ce0e93,STACY'S,,Stacy's
700,5332f7a9e4b03c9a25efd137,BUDWEISER SELECT,,Budweiser Select
701,5a5d1e5fe4b06ba572cf249d,MR. YOSHIDA'S,0.0,MR. YOSHIDA'S
702,5332f77de4b03c9a25efd12b,BISQUICK,,Bisquick
703,57dd5a50e4b0ac389136a2d9,AUSTIN,,Austin
704,5fa1c568be37ce402c4618f4,TEST BRANDCODE @1604437352151,0.0,test brand @1604437352151
705,5f4a7a60be37ce2d95e65cad,TEST BRAND @1598716512038,,test brand @1598716512038
706,5f19e054be37ce33f74a1671,TEST BRANDCODE @1595531348410,,test brand @1595531348410
707,5fd29591be37ce38bbbefb2c,TEST BRAND @1607636369580,0.0,test brand @1607636369580
708,5332fa7ae4b03c9a25efd228,BARQ'S,,Barq's
709,5f441281be37ce5dbe9b7c82,TEST BRANDCODE @1598296705444,,test brand @1598296705444
710,57ebc158e4b0ac389136a341,LEA & PERRINS,0.0,Lea & Perrins
711,5332fa73e4b03c9a25efd21d,CAFFEINE-FREE DIET COKE,,Caffeine-free Diet Coke
712,57ebc009e4b0ac389136a334,HEINZ,0.0,Heinz
713,5fb6b695be37ce522e165cba,SARA LEE ,0.0,Sara Lee
714,5f872b7fbe37ce66db5dd977,TEST BRANDCODE @1602694015481,,test brand @1602694015481
715,5a5d1e8fe4b06ba572cf249e,OVEN FRY,0.0,OVEN FRY
716,5d658fde6d5f3b23d1bc7913,BETTY CROCKER SPECIAL EDITION MAGAZINE,,BETTY CROCKER SPECIAL EDITION MAGAZINE
717,5f4a7a5ebe37ce2d95e65ca4,TEST BRANDCODE @1598716510157,,test brand @1598716510157
718,57c08268e4b0718ff5fcb035,SKOL,,Skol
719,5a5d2856e4b0db471c2d0430,TWO HATS,,Two Hats
720,591b7682e4b0cddf4ebb6a6a,STARBUCKS Bottled Drinks,0.0,Starbucks Ready-To-Drink Beverages
721,585a965be4b03e62d1ce0e7c,FRITOS,1.0,Fritos
722,585a96c2e4b03e62d1ce0e87,PASTA RONI,,Pasta Roni
723,55b6309ce4b0d8e685c1421b,BRAND CODE,1.0,7 up
724,5d641257a3a018514994f425,ALLRECIPES,,Allrecipes Magazine
725,5a7e0c1ae4b0782f27c68d4e,1_KRAFT HOCKEYVILLE,,1_KRAFT Hockeyville
726,5fc54c17be37ce1911dbb3b8,TEST BRAND @1606765591455,0.0,test brand @1606765591455
727,5ab130e2e4b0915382df7619,V8 V FUSION ,0.0,V8V Fusion
728,5f504ac2be37ce0b793c9413,TEST BRANDCODE @1599097538537,,test brand @1599097538537
729,5d66dbf36d5f3b6188d4f04d,H20H,,H2OH! Sparkling Water
730,5332f7f0e4b03c9a25efd160,MILLER GENUINE DRAFT,0.0,Miller Genuine Draft
731,5f9770bfbe37ce03d08a2d87,TEST BRANDCODE @1603760319814,,test brand @1603760319814
732,5332f9f1e4b03c9a25efd1c4,SPECIAL K,,Special K
733,5332f7a8e4b03c9a25efd136,BUSCH LIGHT,,Busch Light
734,5d5abca1a3a018514994f421,AMAZING GRAINS,,Amazing Grains
735,5f19e054be37ce33f74a1670,TEST BRANDCODE @1595531348374,,test brand @1595531348374
736,5dc07de6a60b873d6b0666d0,CHOCOLATE CHEERIOS,,Chocolate Cheerios™
737,5d66dfec6d5f3b6188d4f053,ONE,,O.N.E. Coconut Water
738,5a5d209ae4b0db471c2d0429,KEYSTONE ICE,,Keystone Ice
739,5a5d1d05e4b06ba572cf249b,DIGIORNO CHEESE,0.0,DIGIORNO CHEESE
740,5d601d74a3a018514994f422,CALEBS KOLA,,Caleb's Kola
741,60074277be37ce360be63a01,TEST BRANDCODE @1611088503776,0.0,test brand @1611088503776
742,58861c7e4e8d0d20bc42c4ea,PILSNER URQUELL,0.0,Pilsner Urquell
743,5f3e9172be37ce5a0e01b956,TEST BRANDCODE @1597935986474,,test brand @1597935986474
744,540f241c68abd3c7065097d5,PRAIRIE FARMS,,Prairie Farms
745,5ab13217e4b0915382df761b, MILANO,0.0,Milano
746,5fd3acb9be37ce0d9386bb4c,TEST BRAND @1607707833391,0.0,test brand @1607707833391
747,53501e6cb9237fd7718f9e25,PALERMO,,Palermo
748,5f208db0be37ce7958c59527,TEST BRAND @1595968944654,,test brand @1595968944654
749,5dc07e2aa60b873d6b0666d1,GENERAL MILLS CEREAL,,"General Mills ""Big G"" Cereal"
750,5f493e73be37ce64d0ae36c7,TEST BRANDCODE @1598635635448,,test brand @1598635635448
751,592486bde410d61fcea3d125,CLEAR,0.0,CLEAR
752,5a5d10b5e4b06ba572cf2497,ARNOLD PALMER SPIKED HALF & HALF ORIGINAL,0.0,Arnold Palmer Spiked
753,5fb81985be37ce522e165cdb,ABSOLUT® LIME,0.0,Absolut® Lime
754,5fb81718be37ce522e165cd6,ABSOLUT® JUICE STRAWBERRY,0.0,Absolut® Juice Strawberry
755,5fb817e8be37ce522e165cd8,ABSOLUT® ORIGINAL,0.0,Absolut® Original
756,5fb818abbe37ce522e165cd9,ABSOLUT® MANDRIN,0.0,Absolut® Mandrin
757,5fb7f9c2be37ce522e165cc8,ABSOLUT ELYX,0.0,Absolut® Elyx
758,5fb81796be37ce522e165cd7,ABSOLUT® JUICE APPLE,0.0,Absolut® Juice Apple
759,5fb7f8febe37ce522e165cc7,ABERLOUR,0.0,Aberlour®
760,5fb80a6bbe37ce522e165cd0,JAMESON COLD BREW ,0.0,Jameson® Cold Brew 
761,5fb6d68abe37ce522e165cbf,JEFFERSON’S RESERVE,0.0,Jefferson’s Reserve®
762,5fb6d5e4be37ce522e165cbe,CAMPO VIEJO,0.0,Campo Viejo®
763,5fb7e90fbe37ce522e165cc5,KAHLUA,0.0,Kahlua®
764,5fb7e52abe37ce522e165cc2,MUMM NAPA ,0.0,Mumm Napa®
765,5fb7e7aebe37ce522e165cc4,MALFY,0.0,Malfy®
766,5fb80e12be37ce522e165cd4,MALIBU® LIME,0.0,Malibu® Lime
767,5fb80e70be37ce522e165cd5,MALIBU® STRAWBERRY,0.0,Malibu® Strawberry
768,5fb7fae8be37ce522e165cca,REDBREAST 12YO ,0.0,Redbreast 12YO 
769,5f38578fbe37ce5178517ad5,TEST BRANDCODE @1597527951412,,test brand @1597527951412
770,5f441281be37ce5dbe9b7c84,TEST BRAND @1598296705593,,test brand @1598296705593
771,5a5d25b6e4b0db471c2d042c,SOL,0.0,Sol
772,5332f807e4b03c9a25efd16f,ACTIVIA,,Activia
773,585a9618e4b03e62d1ce0e75,,1.0,Baked!
774,5f513ea1be37ce21f1287c06,TEST BRANDCODE @1599159969725,,test brand @1599159969725
775,5f4cffbba475f1050a66b574,TEST BRAND @1598881723241,,test brand @1598881723241
776,57ebc2f0e4b0ac389136a34c,WYLER'S,0.0,Wyler's
777,5f7ba932be37ce2f290fb254,TEST BRANDCODE @1601939762943,,test brand @1601939762943
778,5db9e6551dda2c3e1416aea0,FAT RABBIT,,Fat Rabbit
779,5daf60021dda2c3e1416ae9a,TOTAL,,Total™
780,5f493e72be37ce64d0ae36c1,TEST BRAND @1598635634169,,test brand @1598635634169
781,5f493dabbe37ce64d0ae36bb,TEST BRANDCODE @1598635435829,,test brand @1598635435829
782,55a58727e4b0d0a65b3693cd,NATURE'S BAKERY,,Nature's Bakery
783,5fd3ae1fbe37ce0d9386bb55,TEST BRANDCODE @1607708191093,0.0,test brand @1607708191092
784,5332fa75e4b03c9a25efd220,COCA-COLA ZERO,,Coca-Cola Zero
785,5fb80dd6be37ce522e165cd3,MALIBU® PINEAPPLE,0.0,Malibu® Pineapple
786,5c49d24df0276e771967371a,PURE BLISS,,PURE BLISS
787,5a8c36a1e4b0ccf165fac9e8,ROYAL DANSK,0.0,Royal Dansk
788,5f4a64e7be37ce17d23b317c,TEST BRANDCODE @1598711015578,,test brand @1598711015578
789,57ebc13de4b0ac389136a33e,KRAFT SHREDDED CHEESE,,Kraft Shredded Cheese
790,57d9612be4b0ac389136a2ba,DEVOUR,0.0,Devour
791,5a8c2f7ce4b0ccf165fac9e3,CAMPBELLS,0.0,Campbell's
792,5f16f536be37ce2b30061e26,TEST BRANDCODE @1595340086011,,test brand @1595340086011
793,5a4d254ce4b0bcb2c74ea780,STUBBORN SODA,0.0,STUBBORN SODA
794,5fb6d83cbe37ce522e165cc1,AVION,0.0,Avion® Silver
795,5ff74126be37ce1e961f3271,TEST BRANDCODE @1610039590413,0.0,test brand @1610039590413
796,5ff74126be37ce1e961f326f,TEST BRANDCODE @1610039590349,0.0,test brand @1610039590349
797,5ff74126be37ce1e961f3272,TEST BRANDCODE @1610039590443,0.0,test brand @1610039590443
798,5ff744ffbe37ce1e961f3275,TEST BRAND @1610040575410,0.0,test brand @1610040575410
799,5ff74126be37ce1e961f3270,TEST BRANDCODE @1610039590383,0.0,test brand @1610039590383
800,5ff74126be37ce1e961f3273,TEST BRANDCODE @1610039590990,0.0,test brand @1610039590990
801,5ffe3686be37ce5e01754c5e,TEST BRANDCODE @1610495622485,0.0,test brand @1610495622485
802,5ffe3a86be37ce7aab2d4fd5,TEST BRANDCODE @1610496646104,0.0,test brand @1610496646103
803,5ffe3686be37ce5e01754c5f,TEST BRANDCODE @1610495622510,0.0,test brand @1610495622510
804,5ffe3687be37ce5e01754c62,TEST BRANDCODE @1610495623019,0.0,test brand @1610495623019
805,5ffe3686be37ce5e01754c60,TEST BRANDCODE @1610495622536,0.0,test brand @1610495622536
806,5ffe3686be37ce5e01754c61,TEST BRANDCODE @1610495622560,0.0,test brand @1610495622560
807,5e5ff158ee7f2d0b35b2a18d,ONE A DAY,0.0,ONE A DAY®
808,5332fa77e4b03c9a25efd225,CHERRY COKE,,Cherry Coke
809,5d659490a3a018514994f433,511111705239,,Happy Paws
810,5e710da7ee7f2d0b35b2a191,COUNTRY CROCK ORIGINAL,,COUNTRY CROCK ORIGINAL
811,592486bee410d61fcea3d12c,HELLMANN'S/BEST FOODS,0.0,Mayo by HELLMANN'S/BEST FOODS
812,5f38578fbe37ce5178517ad4,TEST BRANDCODE @1597527951382,,test brand @1597527951382
813,5f772952be37ce6b592e90d4,TEST BRANDCODE @1601644882040,,test brand @1601644882040
814,5f385790be37ce5178517ad8,TEST BRANDCODE @1597527952048,,test brand @1597527952048
815,5f4a650bbe37ce17d23b317f,TEST BRAND @1598711051957,,test brand @1598711051957
816,5f43faadbe37ce3ef3fd371b,TEST BRAND @1598290605359,,test brand @1598290605359
817,5f208dafbe37ce7958c59525,TEST BRANDCODE @1595968943787,,test brand @1595968943787
818,592486bfe410d61fcea3d13c,TALENTI,0.0,TALENTI
819,5f493e72be37ce64d0ae36c3,TEST BRANDCODE @1598635634767,,test brand @1598635634767
820,5da6097ea60b87376833e358,511111305842,,ONE A DAY® VITACRAVES ADULT MULTIVITAMINS
821,58b59950e4b0857c2ddb7254,RED DOG,,Red Dog
822,58861c7e4e8d0d20bc42c4ee,SMITH & FORGE,0.0,Smith & Forge Hard Cider
823,5a5e34fee4b0db471c2d0436,LIPTON Iced Tea Beverages,0.0,LIPTON Iced Tea Beverages
824,585a96f5e4b03e62d1ce0e8d,RUFFLES,,Ruffles
825,5ab13165e4b0be0a89bb0b03,V8 PLUS ENERGY ,0.0,V8 Plus Energy
826,5afda618e4b0c11cfecd49fa,POP SECRET,0.0,POP SECRET
827,5f7ba933be37ce2f290fb256,TEST BRANDCODE @1601939763539,,test brand @1601939763539
828,5332f800e4b03c9a25efd16c,FRUIT ON THE BOTTOM,,Fruit on the Bottom
829,5887a0fde4b02187f85cdad1,CAPRI SUN,0.0,Capri Sun
830,5a5d1acce4b0db471c2d0421,NUT HARVEST,,NUT HARVEST
831,5f4cff1ba475f1050a66b569,TEST BRANDCODE @1598881563437,,test brand @1598881563437
832,57c0810fe4b0718ff5fcb02d,FAMOUS AMOS,,Famous Amos
833,5f628215be37ce78e6e2efac,TEST BRANDCODE @1600291349208,,test brand @1600291349208
834,53501d2ab9237fd7718f9e19,EMILS,,Emils
835,5b184cdbe4b0d159a5b66e2b,HENRY WEINHARDS,,Henry Weinhard's
836,5f504ac3be37ce0b793c9416,TEST BRANDCODE @1599097539367,,test brand @1599097539366
837,5d6415b3a3a018514994f428,511111905035,,People Special Edition Magazine
838,5dc07880a60b873d6b0666cf,FRUITY CHEERIOS,,Fruity Cheerios™
839,5da608821dda2c3e1416ae8c,FLINTSTONES MULTIVITAMIN GUMMY,,Flintstones™ MULTIVITAMIN GUMMY
840,57e58166e4b0ac389136a30b,FOSTER'S,0.0,Foster's
841,5d5411eda3a018514994f420,F WHITLOCK AND SONS,,F. Whitlock & Sons BBQ Sauce
842,5ff75cdfbe37ce1e961f328f,TEST BRANDCODE @1610046687007,0.0,test brand @1610046687007
843,5ff75cdfbe37ce1e961f3290,TEST BRANDCODE @1610046687035,0.0,test brand @1610046687035
844,5ff75cdebe37ce1e961f328e,TEST BRANDCODE @1610046686980,0.0,test brand @1610046686980
845,5f504ac2be37ce0b793c9414,TEST BRANDCODE @1599097538572,,test brand @1599097538571
846,5e710dd5ee7f2d0b35b2a193,I CAN'T BELIEVE IT'S NOT BUTTER,,I CAN'T BELIEVE IT'S NOT BUTTER!
847,5fcff304be37ce6d53dfc686,TEST BRANDCODE @1607463684777,0.0,test brand @1607463684777
848,585a961fe4b03e62d1ce0e76,BAKEN-ETS,1.0,Baken-Ets
849,5daf472da60b87376833e35e,LIBERTE,,LIBERTÉ®
850,5dc076e41dda2c0ad7da64ab,APPLE CINNAMON CHEERIOS,,Apple Cinnamon Cheerios™
851,5a5d2695e4b0db471c2d042d,ST STEFANUS,,St. Stefanus
852,5332f5ebe4b03c9a25efd0a7,MONSTER,,Monster
853,585a9653e4b03e62d1ce0e7b,DOLE CHILLED FRUIT JUICES,0.0,Dole Chilled Fruit Juices
854,5f35a0bcbe37ce6853cff20b,TEST BRAND @1597350076586,,test brand @1597350076586
855,5332f70ee4b03c9a25efd0f7,HAAGEN-DAZS,,Haagen-Dazs
856,592486bfe410d61fcea3d13a,SUAVE,0.0,SUAVE
857,57ebbed8e4b0ac389136a32e,CLASSICO,0.0,Classico
858,57c08275e4b0718ff5fcb036,BRAHMA,,Brahma
859,5fb82a34be37ce522e165ce5,STROEHMANN,0.0,Stroehmann
860,5d66d9016d5f3b6188d4f04a,BUBLY,0.0,Bubly Sparkling Water
861,5ab152fae4b0be0a89bb0b05,1915 BOLTHOUSE FARMS,0.0,1915 Bolthouse Farms
862,5ff75cdfbe37ce1e961f3291,TEST BRANDCODE @1610046687624,0.0,test brand @1610046687624
863,5ff75cdebe37ce1e961f328d,TEST BRANDCODE @1610046686954,0.0,test brand @1610046686954
864,5ff768d4be37ce1e961f329a,TEST BRANDCODE @1610049748079,0.0,test brand @1610049748078
865,5e5ff32bee7f2d0b35b2a190,MIRALAX LAXATIVES,0.0,MIRALAX®LAXATIVES
866,5fd3ae1fbe37ce0d9386bb56,TEST BRANDCODE @1607708191128,0.0,test brand @1607708191128
867,5fd3ae1fbe37ce0d9386bb57,TEST BRANDCODE @1607708191160,0.0,test brand @1607708191160
868,5fd3ae1fbe37ce0d9386bb58,TEST BRANDCODE @1607708191197,0.0,test brand @1607708191197
869,5fd3ae1fbe37ce0d9386bb59,TEST BRANDCODE @1607708191721,0.0,test brand @1607708191721
870,5fd3ae20be37ce0d9386bb5b,TEST BRAND @1607708192160,0.0,test brand @1607708192160
871,5fff3aa0be37ce2bb793011a,TEST BRANDCODE @1610562208718,0.0,test brand @1610562208718
872,6000a0c6be37ce2bb793011d,TEST BRANDCODE @1610653894219,0.0,test brand @1610653894219
873,5fff3aa0be37ce2bb7930117,TEST BRANDCODE @1610562208600,0.0,test brand @1610562208600
874,5fff3aa0be37ce2bb7930118,TEST BRANDCODE @1610562208645,0.0,test brand @1610562208645
875,5fff3aa1be37ce2bb793011b,TEST BRANDCODE @1610562209325,0.0,test brand @1610562209325
876,5fff3aa0be37ce2bb7930119,TEST BRANDCODE @1610562208680,0.0,test brand @1610562208680
877,6000b8c3be37ce321363c6c3,TEST BRANDCODE @1610660035827,0.0,test brand @1610660035827
878,6000b8c3be37ce321363c6c2,TEST BRANDCODE @1610660035788,0.0,test brand @1610660035788
879,6000b8c4be37ce321363c6c4,TEST BRANDCODE @1610660036398,0.0,test brand @1610660036398
880,60019b82be37ce4f17e558d2,TEST BRANDCODE @1610718082494,0.0,test brand @1610718082493
881,585a973ee4b03e62d1ce0e97,,0.0,Tropicana Trop 50
882,552ecc9be4b02ff29f99b214,VALU TIME,,Valu Time
883,580dffa7e4b0f32b2de21383,T.G.I. FRIDAY'S,0.0,TGI Fridays
884,5a5d1d71e4b06ba572cf249c,CUSQUENA,,Cusquena
885,5fb6b6e1be37ce522e165cbb,ARNOLD,0.0,Arnold 
886,57ebc188e4b0ac389136a343,MC CAFE,0.0,McCafé
887,5afda307e4b03bf01c2a2966,O-KE-DOKE,0.0,O-Ke-Doke
888,5fcda494be37ce688e08b0ce,TEST BRANDCODE @1607312532260,0.0,test brand @1607312532260
889,5da606c61dda2c3e1416ae87,ALKA SELTZER ADULT HEARTBURN CHEWS/ GUMMY/ TAB,,ALKA SELTZER® ADULT HEARTBURN CHEWS/ GUMMY/ TAB
890,5f19e054be37ce33f74a1672,TEST BRANDCODE @1595531348450,,test brand @1595531348450
891,5f493dabbe37ce64d0ae36be,TEST BRANDCODE @1598635435926,,test brand @1598635435926
892,5fd29590be37ce38bbbefb26,TEST BRANDCODE @1607636368136,0.0,test brand @1607636368135
893,5f493d85be37ce64d0ae36b2,TEST BRAND @1598635397611,,test brand @1598635397611
894,58861c7f4e8d0d20bc42c4fb,,0.0,Quaker Oatmeal Squares
895,5dd59806a60b870fc613f7ca,OATMEAL CRISP,,Oatmeal Crisp™ Cereal
896,58861c7e4e8d0d20bc42c4e4,,,Milwaukee's Best Light
897,5ff3842abe37ce2c56dacbac,TEST BRAND @1609794602668,0.0,test brand @1609794602668
898,5ff3842bbe37ce2c56dacbaf,TEST BRANDCODE @1609794603283,0.0,test brand @1609794603283
899,5ec2dd58be37ce5234ec36b9,PHILLIPS'®DIGESTIVE,0.0,Phillips'®Digestive
900,6000b8c3be37ce321363c6c1,TEST BRANDCODE @1610660035741,0.0,test brand @1610660035741
901,6000b8c4be37ce321363c6c6,TEST BRAND @1610660036852,0.0,test brand @1610660036852
902,5ff3842bbe37ce2c56dacbae,TEST BRANDCODE @1609794603237,0.0,test brand @1609794603236
903,5ff3842bbe37ce2c56dacbb1,TEST BRANDCODE @1609794603367,0.0,test brand @1609794603367
904,5ff3842bbe37ce2c56dacbb0,TEST BRANDCODE @1609794603327,0.0,test brand @1609794603327
905,5ff3842bbe37ce2c56dacbb2,TEST BRANDCODE @1609794603942,0.0,test brand @1609794603941
906,5ff73cf9be37ce1e961f3257,TEST BRANDCODE @1610038521409,0.0,test brand @1610038521409
907,60019b82be37ce4f17e558d3,TEST BRANDCODE @1610718082601,0.0,test brand @1610718082601
908,60019b83be37ce4f17e558d6,TEST BRANDCODE @1610718083279,0.0,test brand @1610718083279
909,60074261be37ce360be639f6,TEST BRAND @1611088480964,0.0,test brand @1611088480964
910,60019b82be37ce4f17e558d5,TEST BRANDCODE @1610718082685,0.0,test brand @1610718082685
911,60019b83be37ce4f17e558d8,TEST BRAND @1610718083421,0.0,test brand @1610718083421
912,60019b82be37ce4f17e558d4,TEST BRANDCODE @1610718082644,0.0,test brand @1610718082644
913,5ff8b5febe37ce4a13986614,TEST BRAND @1610135038186,0.0,test brand @1610135038186
914,5ff8b5fcbe37ce4a13986612,TEST BRANDCODE @1610135036684,0.0,test brand @1610135036684
915,5ffe2df8be37ce5e01754c20,TEST BRAND @1610493432606,0.0,test brand @1610493432606
916,5ffe2e38be37ce5e01754c22,TEST BRANDCODE @1610493496943,0.0,test brand @1610493496943
917,5ffe2ca1be37ce5e01754c0e,TEST BRANDCODE @1610493089082,0.0,test brand @1610493089082
918,5ff8b5fbbe37ce4a13986610,TEST BRANDCODE @1610135035614,0.0,test brand @1610135035614
919,5ffe2ce0be37ce5e01754c17,TEST BRAND @1610493152468,0.0,test brand @1610493152468
920,5ff8b5fbbe37ce4a13986611,TEST BRANDCODE @1610135035679,0.0,test brand @1610135035679
921,5ff8b5fbbe37ce4a1398660f,TEST BRANDCODE @1610135035546,0.0,test brand @1610135035546
922,5ffe2ca0be37ce5e01754c0a,TEST BRANDCODE @1610493088287,0.0,test brand @1610493088286
923,5ffe2ca0be37ce5e01754c0c,TEST BRANDCODE @1610493088459,0.0,test brand @1610493088459
924,5ffe2ca0be37ce5e01754c0b,TEST BRANDCODE @1610493088421,0.0,test brand @1610493088421
925,5ffe2ca0be37ce5e01754c0d,TEST BRANDCODE @1610493088494,0.0,test brand @1610493088494
926,5ff789d5be37ce786ba0f6a9,TEST BRAND @1610058197026,0.0,test brand @1610058197026
927,5ff789c5be37ce786ba0f6a6,TEST BRANDCODE @1610058181760,0.0,test brand @1610058181760
928,5ff8b5fbbe37ce4a1398660e,TEST BRANDCODE @1610135035332,0.0,test brand @1610135035331
929,5ff789c6be37ce786ba0f6a7,TEST BRANDCODE @1610058182453,0.0,test brand @1610058182453
930,5ff789c5be37ce786ba0f6a4,TEST BRANDCODE @1610058181682,0.0,test brand @1610058181682
931,5ff789c5be37ce786ba0f6a5,TEST BRANDCODE @1610058181719,0.0,test brand @1610058181719
932,5dc07bee1dda2c0ad7da64ac,HERSHEYS CEREAL,,Hershey's™ Cereal
933,5f441280be37ce5dbe9b7c7f,TEST BRANDCODE @1598296704728,,test brand @1598296704728
934,58861c7e4e8d0d20bc42c4f5,AMP,0.0,Amp Energy
935,5332f754e4b03c9a25efd112,FUZE,,Fuze
936,5d66d6a2a3a018093ab34727,511111905318,,Eat This Not That Magazine
937,592486bde410d61fcea3d120,AXE,0.0,AXE
938,5f493dabbe37ce64d0ae36bc,TEST BRANDCODE @1598635435855,,test brand @1598635435855
939,5fc54c0ebe37ce1911dbb3b6,TEST BRANDCODE @1606765582946,0.0,test brand @1606765582946
940,5332f712e4b03c9a25efd0f8,KEMPS,,Kemps
941,5332f70ae4b03c9a25efd0f4,BARMEN,,Barmen
942,5f7ba678be37ce23081c5297,TEST BRAND @1601939064752,,test brand @1601939064752
943,5c6d51d695144c607914426f,ALEXA-O'S,1.0,alexa-o's
944,5332f5f4e4b03c9a25efd0af,FROSTED MINI-WHEATS,,Frosted Mini-Wheats
945,5da607ef1dda2c3e1416ae89,511111005704,,Bayer® ASPRIN TAB/ CAPS/ CHEWS
946,5f99f720be37ce13da9eaded,TEST BRAND @1603925792078,,test brand @1603925792078
947,5d6417dda3a018514994f42a,511111805069,,InStyle
948,57e581dfe4b0ac389136a30e,STEEL RESERVE,0.0,Steel Reserve
949,5d603430a3a018514994f423,POP WORKS & COMPANY,,Pop Works & Company Popcorn
950,5a4d2489e4b0d5c3fd86b67a,SABRITONES,,SABRITONES
951,5d66def56d5f3b6188d4f052,511111205456,,TIME Special Edition Magazine
952,5a5d1ef1e4b0db471c2d0426,SURE-JELL,0.0,SURE-JELL
953,5a5d26c7e4b06ba572cf24a5,TERRAPIN,,Terrapin
954,588ba164e4b02187f85cdadf,SMART MADE,0.0,Smart Made
955,5f872bd4be37ce66db5dd983,TEST BRAND @1602694099888,,test brand @1602694099888
956,5d6415a26d5f3b23d1bc790b,511111405023,,Coastal Living Magazine
957,5a8c5ee7e4b07f0a2dac8948,LOVE BEAUTY AND PLANET,0.0,LOVE BEAUTY AND PLANET
958,5daf2a6b1dda2c3e1416ae91,PROTEIN ONE,,Protein One™
959,5332f753e4b03c9a25efd110,SUGAR FREE NOS,,Sugar Free NOS
960,5d66e03f6d5f3b6188d4f054,511111605492,,Yoga Journal Magazine
961,5ea07e02be37ce3e45b6a781,SHOW THIS BRAND A,,Show this Brand A
962,585a9707e4b03e62d1ce0e90,,,Smartfood Selects
963,5f99f71bbe37ce13da9eade8,TEST BRANDCODE @1603925787381,,test brand @1603925787381
964,57ebc02be4b0ac389136a339,KOOL-AID,0.0,Kool-Aid
965,5332f5f5e4b03c9a25efd0b1,MINUTE MAID,,Minute Maid
966,5f7ba645be37ce23081c528b,TEST BRANDCODE @1601939013241,,test brand @1601939013241
967,58861c7d4e8d0d20bc42c4d7,,0.0,Velveeta Shells
968,5332f7b5e4b03c9a25efd141,MARGARITAVILLE,,Margaritaville
969,5f403232be37ce5f78d9ed1b,TEST BRAND @1598042674677,,test brand @1598042674677
970,5fb81ab9be37ce522e165cdc,ABSOLUT® CITRON,0.0,Absolut® Citron
971,5fb7fa35be37ce522e165cc9,AVION R44,0.0,Avion® R44
972,5332fa79e4b03c9a25efd227,CAFFEINE-FREE COCA-COLA,,Caffeine-free Coca-Cola
973,5fd2a0bfbe37ce49eb72c0f2,TEST BRANDCODE @1607639231710,0.0,test brand @1607639231710
974,53501d2ab9237fd7718f9e1b,SCREAMIN SICILIAN,,Screamin Sicilian
975,5a5d239de4b0db471c2d042a,MILLER FORTUNE,,Miller Fortune
976,592486bee410d61fcea3d131,LEVER 2000,0.0,LEVER 2000
977,5da603a71dda2c3e1416ae82,A+D,0.0,A+D®
978,5db3288aee7f2d6de4248977,PULLUPS,1.0,Pull-Ups
979,5f5bc4f1be37ce17125ac0e7,TEST BRAND @1599849713170,,test brand @1599849713170
980,5fc54c0abe37ce1911dbb3b2,TEST BRANDCODE @1606765578435,0.0,test brand @1606765578434
981,5332f5fbe4b03c9a25efd0bb,MOUNTAIN DEW,0.0,Mountain Dew
982,57ebc12ce4b0ac389136a33c,,0.0,Kraft Mayo
983,585a9720e4b03e62d1ce0e94,SUN CHIPS,,Sun Chips
984,5f4bf557be37ce0b4491554e,TEST BRANDCODE @1598813527796,,test brand @1598813527796
985,592486bfe410d61fcea3d138,PURE LEAF Tea Leaves,0.0,PURE LEAF Tea Leaves
986,5887a320e4b02187f85cdad8,CORN NUTS,0.0,Corn Nuts
987,57d95753e4b0ac389136a2b3,BREAKSTONE'S,0.0,Breakstone's
988,5a5d263ee4b06ba572cf24a4,SPARKS,0.0,Sparks
989,5f4a7a5dbe37ce2d95e65ca2,TEST BRANDCODE @1598716509358,,test brand @1598716509357
990,5887a143e4b02187f85cdad2,MAXWELL HOUSE,0.0,Maxwell House
991,5332f7b5e4b03c9a25efd142,BECK'S,,Beck's
992,5f5bc4f2be37ce17125ac0ed,TEST BRANDCODE @1599849714378,,test brand @1599849714378
993,5f4a64e7be37ce17d23b317a,TEST BRANDCODE @1598711015496,,test brand @1598711015496
994,5a5d2b20e4b0db471c2d0434,CONTINENTAL SOUP,,Continental
995,5e3875f5ee7f2d697e835bcf,GARNIER - HAIR COLOR,,Garnier - Hair Color
996,5ec2dc5fbe37ce5234ec36b8,AFRIN® NASAL SPRAY,0.0,AFRIN® NASAL SPRAY
997,5daf4867a60b87376833e35f,GOODBELLY,,Goodbelly® Probiotics
998,592486bee410d61fcea3d134,NEXXUS,0.0,NEXXUS
999,5a8c3226e4b07f0a2dac8942,V8,0.0,V8
1000,55b630a4e4b0d8e685c1421c,DR. PEPPER,,Dr. Pepper
1001,5a5d2ac5e4b06ba572cf24a7,COLMAN'S,,Colman's
1002,5a8c344ae4b0ccf165fac9e5,PREGO,0.0,Prego
1003,5fc54c0bbe37ce1911dbb3b4,TEST BRANDCODE @1606765578985,0.0,test brand @1606765578985
1004,5e710e03ee7f2d0b35b2a194,BRUMMEL & BROWN,,BRUMMEL & BROWN
1005,5daf43251dda2c3e1416ae95,YQ YOPLAIT,,YQ by Yoplait®
1006,5d66d597a3a018093ab34726,511111805298,,Diabetic Living Magazine
1007,5d658ffa6d5f3b23d1bc7914,DIABETIC LIVING MAGAZINE,,Diabetic Living Magazine
1008,5fa98944be37ce239d107102,TEST BRANDCODE @1604946244833,0.0,test brand @1604946244833
1009,5da6076f1dda2c3e1416ae88,ALKA SELTZER COLD AND FLU TAB/ CAPS/ GEL,,ALKA SELTZER® PLUS COLD AND FLU TAB/ CAPS/ GEL
1010,5f19e055be37ce33f74a1673,TEST BRANDCODE @1595531349206,,test brand @1595531349206
1011,5da60915a60b87376833e355,511111905806,,ONE A DAY® HEART HEALTH
1012,5c4637ba87ff35681e840d57,09090909090,1.0,Brand2
1013,5332f7afe4b03c9a25efd13e,BUD LIGHT LIME,,Bud Light Lime
1014,5da609621dda2c3e1416ae8f,511111105831,,ONE A DAY® PRENATAL AND PREGNANCY
1015,5a7e0665e4b0aedb3b84afd4,DIETCHRIS2,,Diet Chris Cola
1016,5332f73ee4b03c9a25efd108,DR PEPPER,,Dr Pepper
1017,5ca6383b166eb32e98e0e450,BOLD BUTCHER,,Bold Butcher
1018,585a9686e4b03e62d1ce0e81,LAY'S,1.0,Lay's Original
1019,585a96e0e4b03e62d1ce0e8a,,0.0,Quaker Chewy
1020,592486bde410d61fcea3d121,BEN & JERRY'S,1.0,BEN & JERRY'S
1021,5f4a7a5dbe37ce2d95e65ca1,TEST BRANDCODE @1598716509304,,test brand @1598716509304
1022,5332fa7ae4b03c9a25efd22a,PIBB XTRA,,Pibb Xtra
1023,5c6c2f9295144c6db8fe1977,FRS920,1.0,"new-brand, of course"
1024,5f403231be37ce5f78d9ed15,TEST BRANDCODE @1598042673378,,test brand @1598042673378
1025,5bcdfc5990fa074576779a15,V8 HYDRATE,0.0,V8 Hydrate
1026,57d95805e4b0ac389136a2b5,COUNTRY TIME,0.0,Country Time
1027,540f240768abd3c7065097d4,FRITO LAY,,Frito Lay
1028,60074277be37ce360be63a00,TEST BRANDCODE @1611088503732,0.0,test brand @1611088503732
1029,585a96ade4b03e62d1ce0e84,NAKED JUICE,,Naked Juice
1030,592486bde410d61fcea3d122,BREYERS,1.0,BREYERS
1031,5fa1c567be37ce402c4618f2,TEST BRANDCODE @1604437351646,0.0,test brand @1604437351646
1032,5d66d4666d5f3b6188d4f046,511111105275,,Country Gardens Magazine
1033,5dc2dab01dda2c0ad7da64af,GIRL SCOUT CEREAL,,Girl Scouts Cookie Cereal
1034,53554c847a010fd9f8db0ed6,MILLER LITE,0.0,Miller Lite
1035,5a5d2727e4b0db471c2d042e,THIRD SHIFT,,Third Shift Brewing
1036,5db32879ee7f2d6de4248976,GOODNITES,1.0,GoodNites
1037,5f513ea1be37ce21f1287c04,TEST BRANDCODE @1599159969061,,test brand @1599159969061
1038,5fa1ba01be37ce402c4618e7,TEST BRANDCODE @1604434433706,0.0,test brand @1604434433706
1039,5e387679ee7f2d697e835bd2,MAYBELLINE,,Maybelline
1040,5daf693c1dda2c3e1416ae9d,YOPLAIT,0.0,Yoplait®
1041,5332f769e4b03c9a25efd122,ODWALLA,,Odwalla
1042,5f43faacbe37ce3ef3fd3719,TEST BRANDCODE @1598290604214,,test brand @1598290604214
1043,5fcff304be37ce6d53dfc684,TEST BRANDCODE @1607463684591,0.0,test brand @1607463684590
1044,5e387644ee7f2d697e835bd1,L’OREAL PARIS - HAIR COLOR,,L’Oreal Paris - Hair Color
1045,5f9770c0be37ce03d08a2d8a,TEST BRAND @1603760320553,,test brand @1603760320553
1046,5da606361dda2c3e1416ae84,"ALEVE CAPLETS, TABLETS, AND GEL CAPS",,"ALEVE® CAPLETS, TABLETS, AND GEL CAPS"
1047,5332fa1ae4b03c9a25efd1e9,ROMA,,Roma
1048,5d66d38ca3a018093ab34724,511111605263,,Clean Eating Magazine
1049,5f493682be37ce52f8314fcc,TEST BRANDCODE @1598633602226,,test brand @1598633602226
1050,5332f806e4b03c9a25efd16e,OIKOS,,Oikos
1051,5fda3712be37ce09e351596e,TEST BRAND @1608136465926,0.0,test brand @1608136465926
1052,5fd7f2b3be37ce7339755869,TEST BRANDCODE @1607987891733,0.0,test brand @1607987891733
1053,5a5d247ae4b06ba572cf24a2,SAINT ARCHER,,Saint Archer
1054,5887a1c8e4b02187f85cdad4,PHILADELPHIA,0.0,Philadelphia
1055,5afda201e4b0c11cfecd49f7,LATE JULY,0.0,Late July
1056,5fb823dfbe37ce522e165ce2,FREIHOFERS,0.0,Freihofers
1057,5a5d28ade4b0db471c2d0431,TYSKIE GRONIE,,Tyskie
1058,5bd2013f965c7d66d92731ec,KLEENEX,0.0,Kleenex
1059,5f7760f0be37ce1d26d7b7a6,TEST BRANDCODE @1601659120870,,test brand @1601659120870
1060,5f7ba914be37ce2f290fb250,TEST BRAND @1601939732269,,test brand @1601939732269
1061,5a4d1ec9e4b0bcb2c74ea77d,EL ISLENO,1.0,EL ISLENO
1062,5fb822e4be37ce522e165ce0,MAISER'S ,0.0,Maiser's
1063,5f7ba932be37ce2f290fb255,TEST BRANDCODE @1601939762976,,test brand @1601939762976
1064,5bd201f090fa074576779a1a,VIVA,0.0,Viva
1065,5bd20188965c7d66d92731ed,POISE,0.0,Poise
1066,5fd2a0bfbe37ce49eb72c0f3,TEST BRANDCODE @1607639231747,0.0,test brand @1607639231747
1067,5332f7a9e4b03c9a25efd138,NATURAL,,Natural
1068,57d96112e4b0ac389136a2b8,ORE-IDA,0.0,Ore-Ida
1069,5d66d81a6d5f3b6188d4f048,511111605331,,History Channel Special Edition Magazine 
1070,5a5d1c77e4b06ba572cf249a,BIAGLUT,0.0,BIAGLUT
1071,5cdacd63166eb33eb7ce0fa8,BITTEN,,Bitten Dressing
1072,57ebc2dfe4b0ac389136a34a,TANG,0.0,Tang
1073,5332fa58e4b03c9a25efd214,EDY'S,,Edy's
1074,5c7d9cb395144c337a3cbfbb,HUGGIES,1.0,Huggies
1075,5a8c34d7e4b07f0a2dac8944,PLUM ORGANICS,0.0,Plum Organics
1076,5fb805dbbe37ce522e165ccc,THE GLENLIVET CARIBBEAN RESERVE,0.0,The Glenlivet® Caribbean Reserve
1077,5fb806b5be37ce522e165ccd,THE GLENLIVET® FOUNDER'S RESERVE,0.0,The Glenlivet® Founder's Reserve
1078,5fb807bebe37ce522e165cce,THE GLENLIVET® 12 YEAR ,0.0,The Glenlivet® 12 Year 
1079,5bd200fc965c7d66d92731eb,GOODNITES,0.0,Goodnites
1080,588ba1c8e4b02187f85cdae1,TASSIMO,0.0,Tassimo
1081,5dc2d9d4a60b873d6b0666d2,DIPPIN DOTS,,Dippin Dots® Cereal
1082,5887a290e4b02187f85cdad7,STOVE TOP,0.0,Stove Top
1083,5fb82f4bbe37ce522e165ce7,BROWNBERRY,0.0,Brownberry
1084,5f77274bbe37ce6b592e90ba,TEST BRANDCODE @1601644363664,,test brand @1601644363663
1085,5daf3eed1dda2c3e1416ae94,OUI BY YOPLAIT,,Oui™ by Yoplait®
1086,5a5d144ee4b0db471c2d041d,CERVEZA AGUILA,,Cerveza Aguila
1087,5f4a7a5dbe37ce2d95e65ca0,TEST BRANDCODE @1598716507602,,test brand @1598716507601
1088,5332f7a7e4b03c9a25efd133,BUDWEISER,,Budweiser
1089,5332f7b7e4b03c9a25efd144,BUDWEISER BLACK CROWN,,Budweiser Black Crown
1090,5f628215be37ce78e6e2efae,TEST BRANDCODE @1600291349297,,test brand @1600291349297
1091,57e5823ce4b0ac389136a312,ICEHOUSE,0.0,Icehouse
1092,5a021582e4b00efe02b02a56,FDS,,FDS
1093,5a8c2eeee4b0ccf165fac9e2,BOLTHOUSE FARMS,0.0,Bolthouse Farms
1094,5a0218cae4b00efe02b02a59,Q-TIPS,0.0,Q-TIPS
1095,58861c7f4e8d0d20bc42c4fa,,0.0,Quaker Granola
1096,588ba198e4b02187f85cdae0,HOFFMAN'S,0.0,Hoffman's
1097,5332fa80e4b03c9a25efd231,COCA-COLA CHERRY ZERO,,Coca-Cola Cherry Zero
1098,5db9f97f1dda2c3e1416aea2,BETTY CROCKER FRUIT BY THE FOOT,,Fruit by the Foot™
1099,5a5d28f1e4b0db471c2d0432,ZUMBIDA,,Zumbida
1100,5f441280be37ce5dbe9b7c81,TEST BRANDCODE @1598296704794,,test brand @1598296704794
1101,5332f79ee4b03c9a25efd131,CINNAMON TOAST CRUNCH,,Cinnamon Toast Crunch
1102,58861c7f4e8d0d20bc42c4fc,,0.0,Quaker Popped Crisps
1103,5fd29590be37ce38bbbefb29,TEST BRANDCODE @1607636368759,0.0,test brand @1607636368759
1104,57c08257e4b0718ff5fcb034,HOEGAARDEN,,Hoegaarden
1105,58861c7f4e8d0d20bc42c4fe,,0.0,Quaker Real Medleys
1106,5332f757e4b03c9a25efd114,GARDENBURGER,,gardenburger
1107,5afda5a6e4b03bf01c2a2968,KRUNCHERS,0.0,Krunches!
1108,5fcda494be37ce688e08b0cd,TEST BRANDCODE @1607312532218,0.0,test brand @1607312532218
1109,585a9661e4b03e62d1ce0e7d,FUNYUNS,1.0,Funyuns
1110,5ab15456e4b0be0a89bb0b06,CAMPBELLS SPAGHETTIOS,0.0,Campbell's Spaghettios
1111,592486bde410d61fcea3d123,BRUMMEL AND BROWN,,BRUMMEL AND BROWN
1112,5f35a0babe37ce6853cff202,TEST BRANDCODE @1597350074997,,test brand @1597350074997
1113,5f4a64ebbe37ce17d23b317d,TEST BRANDCODE @1598711019491,,test brand @1598711019491
1114,5f4bf53dbe37ce0b44915541,TEST BRAND @1598813501461,,test brand @1598813501461
1115,5332fa08e4b03c9a25efd1d9,RAISIN BRAN,,Raisin Bran
1116,5d66e07da3a018093ab3472d,SIERRA MIST,,Sierra Mist
1117,5f4cff24a475f1050a66b56b,TEST BRANDCODE @1598881572443,,test brand @1598881572443
1118,5f43faabbe37ce3ef3fd3718,TEST BRANDCODE @1598290603646,,test brand @1598290603646
1119,5f513ea1be37ce21f1287c05,TEST BRANDCODE @1599159969108,,test brand @1599159969108
1120,5332f769e4b03c9a25efd121,GLACEAU SMARTWATER,,Glaceau smartwater
1121,5332f7afe4b03c9a25efd13c,LANDSHARK,,LandShark
1122,5fb82f87be37ce522e165ce8,OROWEAT,0.0,Oroweat
1123,5332f7a8e4b03c9a25efd135,BUD LIGHT,,Bud Light
1124,585a96eee4b03e62d1ce0e8c,ROLD GOLD,,Rold Gold
1125,60074277be37ce360be63a02,TEST BRANDCODE @1611088503815,0.0,test brand @1611088503815
1126,5f872b80be37ce66db5dd979,TEST BRANDCODE @1602694015992,,test brand @1602694015991
1127,5f208daebe37ce7958c59521,TEST BRANDCODE @1595968942896,,test brand @1595968942895
1128,5ab1314de4b0915382df761a,V8 SPLASH,0.0,V8 Splash
1129,5bd2016990fa074576779a18,KOTEX,0.0,Kotex
1130,5d64191ea3a018514994f42b,511111505082,,Midwest Living
1131,58863e28e4b02187f85cdacf,,,Oscar Mayer Carving Board
1132,5d66df24a3a018093ab3472b,OCEAN SPRAY,,Ocean Spray Juices
1133,5da608f61dda2c3e1416ae8e,511111305798,,ONE A DAY® ESSENTIAL
1134,57d95749e4b0ac389136a2b2,BAGEL BITES,0.0,Bagel Bites
1135,5d658fca6d5f3b23d1bc7912,DO IT YOURSELF,,Do It Yourself
1136,57ebc2b7e4b0ac389136a347,POLLY-O,0.0,Polly-O
1137,57ebbfa9e4b0ac389136a331,,0.0,Gevalia Iced Coffee
1138,5a5d2c59e4b06ba572cf24a9,SUNSILK,,Sunsilk
1139,5887a051e4b02187f85cdad0,BAKER'S,0.0,Baker's
1140,5ab1528ce4b0915382df761c,ECCE PANIS,0.0,Ecce Panis
1141,5d66d6016d5f3b6188d4f047,511111405306,,Do It Yourself Special Edition Magazine
1142,5f21c54abe37ce7958c59528,AIR WICK,0.0,AIR WICK®
1143,5332f7fde4b03c9a25efd168,HAMM'S,0.0,Hamm's Beer
1144,57c08242e4b0718ff5fcb032,CORONA,,Corona
1145,5f5bc4f1be37ce17125ac0e9,TEST BRANDCODE @1599849713740,,test brand @1599849713740
1146,5332fa12e4b03c9a25efd1e6,BELLATORIA,,Bellatoria
1147,5dc0351a1dda2c0ad7da64aa,MONSTERS CEREAL,,Monster's Cereal
1148,5d66e2d46d5f3b6188d4f056, TAZO BOTTLED TEAS,,Tazo Bottled Teas
1149,5a0219ede4b00d6a5ccb394e,TONI&GUY,0.0,TONI&GUY
1150,5d66da306d5f3b6188d4f04c,511111005377,,Modern Farmhouse Magazine
1151,5d66dfe6a3a018093ab3472c,511111905479,,Weight Watchers Special Edition Magazine 
1152,5f3e9172be37ce5a0e01b955,TEST BRANDCODE @1597935986434,,test brand @1597935986434
1153,58b598dbe4b0857c2ddb7253,MICKEY'S,0.0,Mickey's
1154,57d95826e4b0ac389136a2b7,CRYSTAL LIGHT,0.0,Crystal Light
1155,5a5d1bffe4b0db471c2d0423,COORS EXTRA GOLD,,Coors Extra Gold
1156,5fb82fe3be37ce522e165cea,D ITALIANO,0.0,D'Italiano
1157,5332fa75e4b03c9a25efd221,DASANI,,DASANI
1158,5f628215be37ce78e6e2efab,TEST BRANDCODE @1600291349043,,test brand @1600291349042
1159,585a96cbe4b03e62d1ce0e88,,0.0,Pepsi Max
1160,5887a216e4b02187f85cdad5,CLAUSSEN,0.0,Claussen
1161,5332f709e4b03c9a25efd0f2,BLUE MOON,0.0,Blue Moon
1162,5f77274dbe37ce6b592e90c0,TEST BRAND @1601644365844,,test brand @1601644365844
1163,5dc1fca91dda2c0ad7da64ae,DIPPIN DOTS CEREAL,,Dippin Dots® Cereal
1164,5f494c6e04db711dd8fe87e7,TEST BRANDCODE @1598639215217,,test brand @1598639215217
1165,5a021611e4b00efe02b02a57,LIPTON TEA Leaves,0.0,LIPTON TEA Leaves
1166,6026d757be37ce6369301468,TEST BRANDCODE @1613158231644,0.0,test brand @1613158231643
